data,ano,mes,dia,sessao_legislativa,legislatura,dia_util,feriado
2022-01-01,2022,1,1,31,8,,
2022-01-02,2022,1,2,31,8,,
2022-01-03,2022,1,3,31,8,,
2022-01-04,2022,1,4,31,8,,
2022-01-05,2022,1,5,31,8,,
2022-01-06,2022,1,6,31,8,,
2022-01-07,2022,1,7,31,8,,
2022-01-08,2022,1,8,31,8,,
2022-01-09,2022,1,9,31,8,,
2022-01-10,2022,1,10,31,8,,
2022-01-11,2022,1,11,31,8,,
2022-01-12,2022,1,12,31,8,,
2022-01-13,2022,1,13,31,8,,
2022-01-14,2022,1,14,31,8,,
2022-01-15,2022,1,15,31,8,,
2022-01-16,2022,1,16,31,8,,
2022-01-17,2022,1,17,31,8,,
2022-01-18,2022,1,18,31,8,,
2022-01-19,2022,1,19,31,8,,
2022-01-20,2022,1,20,31,8,,
2022-01-21,2022,1,21,31,8,,
2022-01-22,2022,1,22,31,8,,
2022-01-23,2022,1,23,31,8,,
2022-01-24,2022,1,24,31,8,,
2022-01-25,2022,1,25,31,8,,
2022-01-26,2022,1,26,31,8,,
2022-01-27,2022,1,27,31,8,,
2022-01-28,2022,1,28,31,8,,
2022-01-29,2022,1,29,31,8,,
2022-01-30,2022,1,30,31,8,,
2022-01-31,2022,1,31,31,8,,
2022-02-01,2022,2,1,32,8,,
2022-02-02,2022,2,2,32,8,,
2022-02-03,2022,2,3,32,8,,
2022-02-04,2022,2,4,32,8,,
2022-02-05,2022,2,5,32,8,,
2022-02-06,2022,2,6,32,8,,
2022-02-07,2022,2,7,32,8,,
2022-02-08,2022,2,8,32,8,,
2022-02-09,2022,2,9,32,8,,
2022-02-10,2022,2,10,32,8,,
2022-02-11,2022,2,11,32,8,,
2022-02-12,2022,2,12,32,8,,
2022-02-13,2022,2,13,32,8,,
2022-02-14,2022,2,14,32,8,,
2022-02-15,2022,2,15,32,8,,
2022-02-16,2022,2,16,32,8,,
2022-02-17,2022,2,17,32,8,,
2022-02-18,2022,2,18,32,8,,
2022-02-19,2022,2,19,32,8,,
2022-02-20,2022,2,20,32,8,,
2022-02-21,2022,2,21,32,8,,
2022-02-22,2022,2,22,32,8,,
2022-02-23,2022,2,23,32,8,,
2022-02-24,2022,2,24,32,8,,
2022-02-25,2022,2,25,32,8,,
2022-02-26,2022,2,26,32,8,,
2022-02-27,2022,2,27,32,8,,
2022-02-28,2022,2,28,32,8,,
2022-03-01,2022,3,1,32,8,,
2022-03-02,2022,3,2,32,8,,
2022-03-03,2022,3,3,32,8,,
2022-03-04,2022,3,4,32,8,,
2022-03-05,2022,3,5,32,8,,
2022-03-06,2022,3,6,32,8,,
2022-03-07,2022,3,7,32,8,,
2022-03-08,2022,3,8,32,8,,
2022-03-09,2022,3,9,32,8,,
2022-03-10,2022,3,10,32,8,,
2022-03-11,2022,3,11,32,8,,
2022-03-12,2022,3,12,32,8,,
2022-03-13,2022,3,13,32,8,,
2022-03-14,2022,3,14,32,8,,
2022-03-15,2022,3,15,32,8,,
2022-03-16,2022,3,16,32,8,,
2022-03-17,2022,3,17,32,8,,
2022-03-18,2022,3,18,32,8,,
2022-03-19,2022,3,19,32,8,,
2022-03-20,2022,3,20,32,8,,
2022-03-21,2022,3,21,32,8,,
2022-03-22,2022,3,22,32,8,,
2022-03-23,2022,3,23,32,8,,
2022-03-24,2022,3,24,32,8,,
2022-03-25,2022,3,25,32,8,,
2022-03-26,2022,3,26,32,8,,
2022-03-27,2022,3,27,32,8,,
2022-03-28,2022,3,28,32,8,,
2022-03-29,2022,3,29,32,8,,
2022-03-30,2022,3,30,32,8,,
2022-03-31,2022,3,31,32,8,,
2022-04-01,2022,4,1,32,8,,
2022-04-02,2022,4,2,32,8,,
2022-04-03,2022,4,3,32,8,,
2022-04-04,2022,4,4,32,8,,
2022-04-05,2022,4,5,32,8,,
2022-04-06,2022,4,6,32,8,,
2022-04-07,2022,4,7,32,8,,
2022-04-08,2022,4,8,32,8,,
2022-04-09,2022,4,9,32,8,,
2022-04-10,2022,4,10,32,8,,
2022-04-11,2022,4,11,32,8,,
2022-04-12,2022,4,12,32,8,,
2022-04-13,2022,4,13,32,8,,
2022-04-14,2022,4,14,32,8,,
2022-04-15,2022,4,15,32,8,,
2022-04-16,2022,4,16,32,8,,
2022-04-17,2022,4,17,32,8,,
2022-04-18,2022,4,18,32,8,,
2022-04-19,2022,4,19,32,8,,
2022-04-20,2022,4,20,32,8,,
2022-04-21,2022,4,21,32,8,,
2022-04-22,2022,4,22,32,8,,
2022-04-23,2022,4,23,32,8,,
2022-04-24,2022,4,24,32,8,,
2022-04-25,2022,4,25,32,8,,
2022-04-26,2022,4,26,32,8,,
2022-04-27,2022,4,27,32,8,,
2022-04-28,2022,4,28,32,8,,
2022-04-29,2022,4,29,32,8,,
2022-04-30,2022,4,30,32,8,,
2022-05-01,2022,5,1,32,8,,
2022-05-02,2022,5,2,32,8,,
2022-05-03,2022,5,3,32,8,,
2022-05-04,2022,5,4,32,8,,
2022-05-05,2022,5,5,32,8,,
2022-05-06,2022,5,6,32,8,,
2022-05-07,2022,5,7,32,8,,
2022-05-08,2022,5,8,32,8,,
2022-05-09,2022,5,9,32,8,,
2022-05-10,2022,5,10,32,8,,
2022-05-11,2022,5,11,32,8,,
2022-05-12,2022,5,12,32,8,,
2022-05-13,2022,5,13,32,8,,
2022-05-14,2022,5,14,32,8,,
2022-05-15,2022,5,15,32,8,,
2022-05-16,2022,5,16,32,8,,
2022-05-17,2022,5,17,32,8,,
2022-05-18,2022,5,18,32,8,,
2022-05-19,2022,5,19,32,8,,
2022-05-20,2022,5,20,32,8,,
2022-05-21,2022,5,21,32,8,,
2022-05-22,2022,5,22,32,8,,
2022-05-23,2022,5,23,32,8,,
2022-05-24,2022,5,24,32,8,,
2022-05-25,2022,5,25,32,8,,
2022-05-26,2022,5,26,32,8,,
2022-05-27,2022,5,27,32,8,,
2022-05-28,2022,5,28,32,8,,
2022-05-29,2022,5,29,32,8,,
2022-05-30,2022,5,30,32,8,,
2022-05-31,2022,5,31,32,8,,
2022-06-01,2022,6,1,32,8,,
2022-06-02,2022,6,2,32,8,,
2022-06-03,2022,6,3,32,8,,
2022-06-04,2022,6,4,32,8,,
2022-06-05,2022,6,5,32,8,,
2022-06-06,2022,6,6,32,8,,
2022-06-07,2022,6,7,32,8,,
2022-06-08,2022,6,8,32,8,,
2022-06-09,2022,6,9,32,8,,
2022-06-10,2022,6,10,32,8,,
2022-06-11,2022,6,11,32,8,,
2022-06-12,2022,6,12,32,8,,
2022-06-13,2022,6,13,32,8,,
2022-06-14,2022,6,14,32,8,,
2022-06-15,2022,6,15,32,8,,
2022-06-16,2022,6,16,32,8,,
2022-06-17,2022,6,17,32,8,,
2022-06-18,2022,6,18,32,8,,
2022-06-19,2022,6,19,32,8,,
2022-06-20,2022,6,20,32,8,,
2022-06-21,2022,6,21,32,8,,
2022-06-22,2022,6,22,32,8,,
2022-06-23,2022,6,23,32,8,,
2022-06-24,2022,6,24,32,8,,
2022-06-25,2022,6,25,32,8,,
2022-06-26,2022,6,26,32,8,,
2022-06-27,2022,6,27,32,8,,
2022-06-28,2022,6,28,32,8,,
2022-06-29,2022,6,29,32,8,,
2022-06-30,2022,6,30,32,8,,
2022-07-01,2022,7,1,32,8,,
2022-07-02,2022,7,2,32,8,,
2022-07-03,2022,7,3,32,8,,
2022-07-04,2022,7,4,32,8,,
2022-07-05,2022,7,5,32,8,,
2022-07-06,2022,7,6,32,8,,
2022-07-07,2022,7,7,32,8,,
2022-07-08,2022,7,8,32,8,,
2022-07-09,2022,7,9,32,8,,
2022-07-10,2022,7,10,32,8,,
2022-07-11,2022,7,11,32,8,,
2022-07-12,2022,7,12,32,8,,
2022-07-13,2022,7,13,32,8,,
2022-07-14,2022,7,14,32,8,,
2022-07-15,2022,7,15,32,8,,
2022-07-16,2022,7,16,32,8,,
2022-07-17,2022,7,17,32,8,,
2022-07-18,2022,7,18,32,8,,
2022-07-19,2022,7,19,32,8,,
2022-07-20,2022,7,20,32,8,,
2022-07-21,2022,7,21,32,8,,
2022-07-22,2022,7,22,32,8,,
2022-07-23,2022,7,23,32,8,,
2022-07-24,2022,7,24,32,8,,
2022-07-25,2022,7,25,32,8,,
2022-07-26,2022,7,26,32,8,,
2022-07-27,2022,7,27,32,8,,
2022-07-28,2022,7,28,32,8,,
2022-07-29,2022,7,29,32,8,,
2022-07-30,2022,7,30,32,8,,
2022-07-31,2022,7,31,32,8,,
2022-08-01,2022,8,1,32,8,,
2022-08-02,2022,8,2,32,8,,
2022-08-03,2022,8,3,32,8,,
2022-08-04,2022,8,4,32,8,,
2022-08-05,2022,8,5,32,8,,
2022-08-06,2022,8,6,32,8,,
2022-08-07,2022,8,7,32,8,,
2022-08-08,2022,8,8,32,8,,
2022-08-09,2022,8,9,32,8,,
2022-08-10,2022,8,10,32,8,,
2022-08-11,2022,8,11,32,8,,
2022-08-12,2022,8,12,32,8,,
2022-08-13,2022,8,13,32,8,,
2022-08-14,2022,8,14,32,8,,
2022-08-15,2022,8,15,32,8,,
2022-08-16,2022,8,16,32,8,,
2022-08-17,2022,8,17,32,8,,
2022-08-18,2022,8,18,32,8,,
2022-08-19,2022,8,19,32,8,,
2022-08-20,2022,8,20,32,8,,
2022-08-21,2022,8,21,32,8,,
2022-08-22,2022,8,22,32,8,,
2022-08-23,2022,8,23,32,8,,
2022-08-24,2022,8,24,32,8,,
2022-08-25,2022,8,25,32,8,,
2022-08-26,2022,8,26,32,8,,
2022-08-27,2022,8,27,32,8,,
2022-08-28,2022,8,28,32,8,,
2022-08-29,2022,8,29,32,8,,
2022-08-30,2022,8,30,32,8,,
2022-08-31,2022,8,31,32,8,,
2022-09-01,2022,9,1,32,8,,
2022-09-02,2022,9,2,32,8,,
2022-09-03,2022,9,3,32,8,,
2022-09-04,2022,9,4,32,8,,
2022-09-05,2022,9,5,32,8,,
2022-09-06,2022,9,6,32,8,,
2022-09-07,2022,9,7,32,8,,
2022-09-08,2022,9,8,32,8,,
2022-09-09,2022,9,9,32,8,,
2022-09-10,2022,9,10,32,8,,
2022-09-11,2022,9,11,32,8,,
2022-09-12,2022,9,12,32,8,,
2022-09-13,2022,9,13,32,8,,
2022-09-14,2022,9,14,32,8,,
2022-09-15,2022,9,15,32,8,,
2022-09-16,2022,9,16,32,8,,
2022-09-17,2022,9,17,32,8,,
2022-09-18,2022,9,18,32,8,,
2022-09-19,2022,9,19,32,8,,
2022-09-20,2022,9,20,32,8,,
2022-09-21,2022,9,21,32,8,,
2022-09-22,2022,9,22,32,8,,
2022-09-23,2022,9,23,32,8,,
2022-09-24,2022,9,24,32,8,,
2022-09-25,2022,9,25,32,8,,
2022-09-26,2022,9,26,32,8,,
2022-09-27,2022,9,27,32,8,,
2022-09-28,2022,9,28,32,8,,
2022-09-29,2022,9,29,32,8,,
2022-09-30,2022,9,30,32,8,,
2022-10-01,2022,10,1,32,8,,
2022-10-02,2022,10,2,32,8,,
2022-10-03,2022,10,3,32,8,,
2022-10-04,2022,10,4,32,8,,
2022-10-05,2022,10,5,32,8,,
2022-10-06,2022,10,6,32,8,,
2022-10-07,2022,10,7,32,8,,
2022-10-08,2022,10,8,32,8,,
2022-10-09,2022,10,9,32,8,,
2022-10-10,2022,10,10,32,8,,
2022-10-11,2022,10,11,32,8,,
2022-10-12,2022,10,12,32,8,,
2022-10-13,2022,10,13,32,8,,
2022-10-14,2022,10,14,32,8,,
2022-10-15,2022,10,15,32,8,,
2022-10-16,2022,10,16,32,8,,
2022-10-17,2022,10,17,32,8,,
2022-10-18,2022,10,18,32,8,,
2022-10-19,2022,10,19,32,8,,
2022-10-20,2022,10,20,32,8,,
2022-10-21,2022,10,21,32,8,,
2022-10-22,2022,10,22,32,8,,
2022-10-23,2022,10,23,32,8,,
2022-10-24,2022,10,24,32,8,,
2022-10-25,2022,10,25,32,8,,
2022-10-26,2022,10,26,32,8,,
2022-10-27,2022,10,27,32,8,,
2022-10-28,2022,10,28,32,8,,
2022-10-29,2022,10,29,32,8,,
2022-10-30,2022,10,30,32,8,,
2022-10-31,2022,10,31,32,8,,
2022-11-01,2022,11,1,32,8,,
2022-11-02,2022,11,2,32,8,,
2022-11-03,2022,11,3,32,8,,
2022-11-04,2022,11,4,32,8,,
2022-11-05,2022,11,5,32,8,,
2022-11-06,2022,11,6,32,8,,
2022-11-07,2022,11,7,32,8,,
2022-11-08,2022,11,8,32,8,,
2022-11-09,2022,11,9,32,8,,
2022-11-10,2022,11,10,32,8,,
2022-11-11,2022,11,11,32,8,,
2022-11-12,2022,11,12,32,8,,
2022-11-13,2022,11,13,32,8,,
2022-11-14,2022,11,14,32,8,,
2022-11-15,2022,11,15,32,8,,
2022-11-16,2022,11,16,32,8,,
2022-11-17,2022,11,17,32,8,,
2022-11-18,2022,11,18,32,8,,
2022-11-19,2022,11,19,32,8,,
2022-11-20,2022,11,20,32,8,,
2022-11-21,2022,11,21,32,8,,
2022-11-22,2022,11,22,32,8,,
2022-11-23,2022,11,23,32,8,,
2022-11-24,2022,11,24,32,8,,
2022-11-25,2022,11,25,32,8,,
2022-11-26,2022,11,26,32,8,,
2022-11-27,2022,11,27,32,8,,
2022-11-28,2022,11,28,32,8,,
2022-11-29,2022,11,29,32,8,,
2022-11-30,2022,11,30,32,8,,
2022-12-01,2022,12,1,32,8,,
2022-12-02,2022,12,2,32,8,,
2022-12-03,2022,12,3,32,8,,
2022-12-04,2022,12,4,32,8,,
2022-12-05,2022,12,5,32,8,,
2022-12-06,2022,12,6,32,8,,
2022-12-07,2022,12,7,32,8,,
2022-12-08,2022,12,8,32,8,,
2022-12-09,2022,12,9,32,8,,
2022-12-10,2022,12,10,32,8,,
2022-12-11,2022,12,11,32,8,,
2022-12-12,2022,12,12,32,8,,
2022-12-13,2022,12,13,32,8,,
2022-12-14,2022,12,14,32,8,,
2022-12-15,2022,12,15,32,8,,
2022-12-16,2022,12,16,32,8,,
2022-12-17,2022,12,17,32,8,,
2022-12-18,2022,12,18,32,8,,
2022-12-19,2022,12,19,32,8,,
2022-12-20,2022,12,20,32,8,,
2022-12-21,2022,12,21,32,8,,
2022-12-22,2022,12,22,32,8,,
2022-12-23,2022,12,23,32,8,,
2022-12-24,2022,12,24,32,8,,
2022-12-25,2022,12,25,32,8,,
2022-12-26,2022,12,26,32,8,,
2022-12-27,2022,12,27,32,8,,
2022-12-28,2022,12,28,32,8,,
2022-12-29,2022,12,29,32,8,,
2022-12-30,2022,12,30,32,8,,
2022-12-31,2022,12,31,32,8,,
2023-01-01,2023,1,1,32,8,,
2023-01-02,2023,1,2,32,8,,
2023-01-03,2023,1,3,32,8,,
2023-01-04,2023,1,4,32,8,,
2023-01-05,2023,1,5,32,8,,
2023-01-06,2023,1,6,32,8,,
2023-01-07,2023,1,7,32,8,,
2023-01-08,2023,1,8,32,8,,
2023-01-09,2023,1,9,32,8,,
2023-01-10,2023,1,10,32,8,,
2023-01-11,2023,1,11,32,8,,
2023-01-12,2023,1,12,32,8,,
2023-01-13,2023,1,13,32,8,,
2023-01-14,2023,1,14,32,8,,
2023-01-15,2023,1,15,32,8,,
2023-01-16,2023,1,16,32,8,,
2023-01-17,2023,1,17,32,8,,
2023-01-18,2023,1,18,32,8,,
2023-01-19,2023,1,19,32,8,,
2023-01-20,2023,1,20,32,8,,
2023-01-21,2023,1,21,32,8,,
2023-01-22,2023,1,22,32,8,,
2023-01-23,2023,1,23,32,8,,
2023-01-24,2023,1,24,32,8,,
2023-01-25,2023,1,25,32,8,,
2023-01-26,2023,1,26,32,8,,
2023-01-27,2023,1,27,32,8,,
2023-01-28,2023,1,28,32,8,,
2023-01-29,2023,1,29,32,8,,
2023-01-30,2023,1,30,32,8,,
2023-01-31,2023,1,31,32,8,,
2023-02-01,2023,2,1,33,9,,
2023-02-02,2023,2,2,33,9,,
2023-02-03,2023,2,3,33,9,,
2023-02-04,2023,2,4,33,9,,
2023-02-05,2023,2,5,33,9,,
2023-02-06,2023,2,6,33,9,,
2023-02-07,2023,2,7,33,9,,
2023-02-08,2023,2,8,33,9,,
2023-02-09,2023,2,9,33,9,,
2023-02-10,2023,2,10,33,9,,
2023-02-11,2023,2,11,33,9,,
2023-02-12,2023,2,12,33,9,,
2023-02-13,2023,2,13,33,9,,
2023-02-14,2023,2,14,33,9,,
2023-02-15,2023,2,15,33,9,,
2023-02-16,2023,2,16,33,9,,
2023-02-17,2023,2,17,33,9,,
2023-02-18,2023,2,18,33,9,,
2023-02-19,2023,2,19,33,9,,
2023-02-20,2023,2,20,33,9,,
2023-02-21,2023,2,21,33,9,,
2023-02-22,2023,2,22,33,9,,
2023-02-23,2023,2,23,33,9,,
2023-02-24,2023,2,24,33,9,,
2023-02-25,2023,2,25,33,9,,
2023-02-26,2023,2,26,33,9,,
2023-02-27,2023,2,27,33,9,,
2023-02-28,2023,2,28,33,9,,
2023-03-01,2023,3,1,33,9,,
2023-03-02,2023,3,2,33,9,,
2023-03-03,2023,3,3,33,9,,
2023-03-04,2023,3,4,33,9,,
2023-03-05,2023,3,5,33,9,,
2023-03-06,2023,3,6,33,9,,
2023-03-07,2023,3,7,33,9,,
2023-03-08,2023,3,8,33,9,,
2023-03-09,2023,3,9,33,9,,
2023-03-10,2023,3,10,33,9,,
2023-03-11,2023,3,11,33,9,,
2023-03-12,2023,3,12,33,9,,
2023-03-13,2023,3,13,33,9,,
2023-03-14,2023,3,14,33,9,,
2023-03-15,2023,3,15,33,9,,
2023-03-16,2023,3,16,33,9,,
2023-03-17,2023,3,17,33,9,,
2023-03-18,2023,3,18,33,9,,
2023-03-19,2023,3,19,33,9,,
2023-03-20,2023,3,20,33,9,,
2023-03-21,2023,3,21,33,9,,
2023-03-22,2023,3,22,33,9,,
2023-03-23,2023,3,23,33,9,,
2023-03-24,2023,3,24,33,9,,
2023-03-25,2023,3,25,33,9,,
2023-03-26,2023,3,26,33,9,,
2023-03-27,2023,3,27,33,9,,
2023-03-28,2023,3,28,33,9,,
2023-03-29,2023,3,29,33,9,,
2023-03-30,2023,3,30,33,9,,
2023-03-31,2023,3,31,33,9,,
2023-04-01,2023,4,1,33,9,,
2023-04-02,2023,4,2,33,9,,
2023-04-03,2023,4,3,33,9,,
2023-04-04,2023,4,4,33,9,,
2023-04-05,2023,4,5,33,9,,
2023-04-06,2023,4,6,33,9,,
2023-04-07,2023,4,7,33,9,,
2023-04-08,2023,4,8,33,9,,
2023-04-09,2023,4,9,33,9,,
2023-04-10,2023,4,10,33,9,,
2023-04-11,2023,4,11,33,9,,
2023-04-12,2023,4,12,33,9,,
2023-04-13,2023,4,13,33,9,,
2023-04-14,2023,4,14,33,9,,
2023-04-15,2023,4,15,33,9,,
2023-04-16,2023,4,16,33,9,,
2023-04-17,2023,4,17,33,9,,
2023-04-18,2023,4,18,33,9,,
2023-04-19,2023,4,19,33,9,,
2023-04-20,2023,4,20,33,9,,
2023-04-21,2023,4,21,33,9,,
2023-04-22,2023,4,22,33,9,,
2023-04-23,2023,4,23,33,9,,
2023-04-24,2023,4,24,33,9,,
2023-04-25,2023,4,25,33,9,,
2023-04-26,2023,4,26,33,9,,
2023-04-27,2023,4,27,33,9,,
2023-04-28,2023,4,28,33,9,,
2023-04-29,2023,4,29,33,9,,
2023-04-30,2023,4,30,33,9,,
2023-05-01,2023,5,1,33,9,,
2023-05-02,2023,5,2,33,9,,
2023-05-03,2023,5,3,33,9,,
2023-05-04,2023,5,4,33,9,,
2023-05-05,2023,5,5,33,9,,
2023-05-06,2023,5,6,33,9,,
2023-05-07,2023,5,7,33,9,,
2023-05-08,2023,5,8,33,9,,
2023-05-09,2023,5,9,33,9,,
2023-05-10,2023,5,10,33,9,,
2023-05-11,2023,5,11,33,9,,
2023-05-12,2023,5,12,33,9,,
2023-05-13,2023,5,13,33,9,,
2023-05-14,2023,5,14,33,9,,
2023-05-15,2023,5,15,33,9,,
2023-05-16,2023,5,16,33,9,,
2023-05-17,2023,5,17,33,9,,
2023-05-18,2023,5,18,33,9,,
2023-05-19,2023,5,19,33,9,,
2023-05-20,2023,5,20,33,9,,
2023-05-21,2023,5,21,33,9,,
2023-05-22,2023,5,22,33,9,,
2023-05-23,2023,5,23,33,9,,
2023-05-24,2023,5,24,33,9,,
2023-05-25,2023,5,25,33,9,,
2023-05-26,2023,5,26,33,9,,
2023-05-27,2023,5,27,33,9,,
2023-05-28,2023,5,28,33,9,,
2023-05-29,2023,5,29,33,9,,
2023-05-30,2023,5,30,33,9,,
2023-05-31,2023,5,31,33,9,,
2023-06-01,2023,6,1,33,9,,
2023-06-02,2023,6,2,33,9,,
2023-06-03,2023,6,3,33,9,,
2023-06-04,2023,6,4,33,9,,
2023-06-05,2023,6,5,33,9,,
2023-06-06,2023,6,6,33,9,,
2023-06-07,2023,6,7,33,9,,
2023-06-08,2023,6,8,33,9,,
2023-06-09,2023,6,9,33,9,,
2023-06-10,2023,6,10,33,9,,
2023-06-11,2023,6,11,33,9,,
2023-06-12,2023,6,12,33,9,,
2023-06-13,2023,6,13,33,9,,
2023-06-14,2023,6,14,33,9,,
2023-06-15,2023,6,15,33,9,,
2023-06-16,2023,6,16,33,9,,
2023-06-17,2023,6,17,33,9,,
2023-06-18,2023,6,18,33,9,,
2023-06-19,2023,6,19,33,9,,
2023-06-20,2023,6,20,33,9,,
2023-06-21,2023,6,21,33,9,,
2023-06-22,2023,6,22,33,9,,
2023-06-23,2023,6,23,33,9,,
2023-06-24,2023,6,24,33,9,,
2023-06-25,2023,6,25,33,9,,
2023-06-26,2023,6,26,33,9,,
2023-06-27,2023,6,27,33,9,,
2023-06-28,2023,6,28,33,9,,
2023-06-29,2023,6,29,33,9,,
2023-06-30,2023,6,30,33,9,,
2023-07-01,2023,7,1,33,9,,
2023-07-02,2023,7,2,33,9,,
2023-07-03,2023,7,3,33,9,,
2023-07-04,2023,7,4,33,9,,
2023-07-05,2023,7,5,33,9,,
2023-07-06,2023,7,6,33,9,,
2023-07-07,2023,7,7,33,9,,
2023-07-08,2023,7,8,33,9,,
2023-07-09,2023,7,9,33,9,,
2023-07-10,2023,7,10,33,9,,
2023-07-11,2023,7,11,33,9,,
2023-07-12,2023,7,12,33,9,,
2023-07-13,2023,7,13,33,9,,
2023-07-14,2023,7,14,33,9,,
2023-07-15,2023,7,15,33,9,,
2023-07-16,2023,7,16,33,9,,
2023-07-17,2023,7,17,33,9,,
2023-07-18,2023,7,18,33,9,,
2023-07-19,2023,7,19,33,9,,
2023-07-20,2023,7,20,33,9,,
2023-07-21,2023,7,21,33,9,,
2023-07-22,2023,7,22,33,9,,
2023-07-23,2023,7,23,33,9,,
2023-07-24,2023,7,24,33,9,,
2023-07-25,2023,7,25,33,9,,
2023-07-26,2023,7,26,33,9,,
2023-07-27,2023,7,27,33,9,,
2023-07-28,2023,7,28,33,9,,
2023-07-29,2023,7,29,33,9,,
2023-07-30,2023,7,30,33,9,,
2023-07-31,2023,7,31,33,9,,
2023-08-01,2023,8,1,33,9,,
2023-08-02,2023,8,2,33,9,,
2023-08-03,2023,8,3,33,9,,
2023-08-04,2023,8,4,33,9,,
2023-08-05,2023,8,5,33,9,,
2023-08-06,2023,8,6,33,9,,
2023-08-07,2023,8,7,33,9,,
2023-08-08,2023,8,8,33,9,,
2023-08-09,2023,8,9,33,9,,
2023-08-10,2023,8,10,33,9,,
2023-08-11,2023,8,11,33,9,,
2023-08-12,2023,8,12,33,9,,
2023-08-13,2023,8,13,33,9,,
2023-08-14,2023,8,14,33,9,,
2023-08-15,2023,8,15,33,9,,
2023-08-16,2023,8,16,33,9,,
2023-08-17,2023,8,17,33,9,,
2023-08-18,2023,8,18,33,9,,
2023-08-19,2023,8,19,33,9,,
2023-08-20,2023,8,20,33,9,,
2023-08-21,2023,8,21,33,9,,
2023-08-22,2023,8,22,33,9,,
2023-08-23,2023,8,23,33,9,,
2023-08-24,2023,8,24,33,9,,
2023-08-25,2023,8,25,33,9,,
2023-08-26,2023,8,26,33,9,,
2023-08-27,2023,8,27,33,9,,
2023-08-28,2023,8,28,33,9,,
2023-08-29,2023,8,29,33,9,,
2023-08-30,2023,8,30,33,9,,
2023-08-31,2023,8,31,33,9,,
2023-09-01,2023,9,1,33,9,,
2023-09-02,2023,9,2,33,9,,
2023-09-03,2023,9,3,33,9,,
2023-09-04,2023,9,4,33,9,,
2023-09-05,2023,9,5,33,9,,
2023-09-06,2023,9,6,33,9,,
2023-09-07,2023,9,7,33,9,,
2023-09-08,2023,9,8,33,9,,
2023-09-09,2023,9,9,33,9,,
2023-09-10,2023,9,10,33,9,,
2023-09-11,2023,9,11,33,9,,
2023-09-12,2023,9,12,33,9,,
2023-09-13,2023,9,13,33,9,,
2023-09-14,2023,9,14,33,9,,
2023-09-15,2023,9,15,33,9,,
2023-09-16,2023,9,16,33,9,,
2023-09-17,2023,9,17,33,9,,
2023-09-18,2023,9,18,33,9,,
2023-09-19,2023,9,19,33,9,,
2023-09-20,2023,9,20,33,9,,
2023-09-21,2023,9,21,33,9,,
2023-09-22,2023,9,22,33,9,,
2023-09-23,2023,9,23,33,9,,
2023-09-24,2023,9,24,33,9,,
2023-09-25,2023,9,25,33,9,,
2023-09-26,2023,9,26,33,9,,
2023-09-27,2023,9,27,33,9,,
2023-09-28,2023,9,28,33,9,,
2023-09-29,2023,9,29,33,9,,
2023-09-30,2023,9,30,33,9,,
2023-10-01,2023,10,1,33,9,,
2023-10-02,2023,10,2,33,9,,
2023-10-03,2023,10,3,33,9,,
2023-10-04,2023,10,4,33,9,,
2023-10-05,2023,10,5,33,9,,
2023-10-06,2023,10,6,33,9,,
2023-10-07,2023,10,7,33,9,,
2023-10-08,2023,10,8,33,9,,
2023-10-09,2023,10,9,33,9,,
2023-10-10,2023,10,10,33,9,,
2023-10-11,2023,10,11,33,9,,
2023-10-12,2023,10,12,33,9,,
2023-10-13,2023,10,13,33,9,,
2023-10-14,2023,10,14,33,9,,
2023-10-15,2023,10,15,33,9,,
2023-10-16,2023,10,16,33,9,,
2023-10-17,2023,10,17,33,9,,
2023-10-18,2023,10,18,33,9,,
2023-10-19,2023,10,19,33,9,,
2023-10-20,2023,10,20,33,9,,
2023-10-21,2023,10,21,33,9,,
2023-10-22,2023,10,22,33,9,,
2023-10-23,2023,10,23,33,9,,
2023-10-24,2023,10,24,33,9,,
2023-10-25,2023,10,25,33,9,,
2023-10-26,2023,10,26,33,9,,
2023-10-27,2023,10,27,33,9,,
2023-10-28,2023,10,28,33,9,,
2023-10-29,2023,10,29,33,9,,
2023-10-30,2023,10,30,33,9,,
2023-10-31,2023,10,31,33,9,,
2023-11-01,2023,11,1,33,9,,
2023-11-02,2023,11,2,33,9,,
2023-11-03,2023,11,3,33,9,,
2023-11-04,2023,11,4,33,9,,
2023-11-05,2023,11,5,33,9,,
2023-11-06,2023,11,6,33,9,,
2023-11-07,2023,11,7,33,9,,
2023-11-08,2023,11,8,33,9,,
2023-11-09,2023,11,9,33,9,,
2023-11-10,2023,11,10,33,9,,
2023-11-11,2023,11,11,33,9,,
2023-11-12,2023,11,12,33,9,,
2023-11-13,2023,11,13,33,9,,
2023-11-14,2023,11,14,33,9,,
2023-11-15,2023,11,15,33,9,,
2023-11-16,2023,11,16,33,9,,
2023-11-17,2023,11,17,33,9,,
2023-11-18,2023,11,18,33,9,,
2023-11-19,2023,11,19,33,9,,
2023-11-20,2023,11,20,33,9,,
2023-11-21,2023,11,21,33,9,,
2023-11-22,2023,11,22,33,9,,
2023-11-23,2023,11,23,33,9,,
2023-11-24,2023,11,24,33,9,,
2023-11-25,2023,11,25,33,9,,
2023-11-26,2023,11,26,33,9,,
2023-11-27,2023,11,27,33,9,,
2023-11-28,2023,11,28,33,9,,
2023-11-29,2023,11,29,33,9,,
2023-11-30,2023,11,30,33,9,,
2023-12-01,2023,12,1,33,9,,
2023-12-02,2023,12,2,33,9,,
2023-12-03,2023,12,3,33,9,,
2023-12-04,2023,12,4,33,9,,
2023-12-05,2023,12,5,33,9,,
2023-12-06,2023,12,6,33,9,,
2023-12-07,2023,12,7,33,9,,
2023-12-08,2023,12,8,33,9,,
2023-12-09,2023,12,9,33,9,,
2023-12-10,2023,12,10,33,9,,
2023-12-11,2023,12,11,33,9,,
2023-12-12,2023,12,12,33,9,,
2023-12-13,2023,12,13,33,9,,
2023-12-14,2023,12,14,33,9,,
2023-12-15,2023,12,15,33,9,,
2023-12-16,2023,12,16,33,9,,
2023-12-17,2023,12,17,33,9,,
2023-12-18,2023,12,18,33,9,,
2023-12-19,2023,12,19,33,9,,
2023-12-20,2023,12,20,33,9,,
2023-12-21,2023,12,21,33,9,,
2023-12-22,2023,12,22,33,9,,
2023-12-23,2023,12,23,33,9,,
2023-12-24,2023,12,24,33,9,,
2023-12-25,2023,12,25,33,9,,
2023-12-26,2023,12,26,33,9,,
2023-12-27,2023,12,27,33,9,,
2023-12-28,2023,12,28,33,9,,
2023-12-29,2023,12,29,33,9,,
2023-12-30,2023,12,30,33,9,,
2023-12-31,2023,12,31,33,9,,
2024-01-01,2024,1,1,33,9,,
2024-01-02,2024,1,2,33,9,,
2024-01-03,2024,1,3,33,9,,
2024-01-04,2024,1,4,33,9,,
2024-01-05,2024,1,5,33,9,,
2024-01-06,2024,1,6,33,9,,
2024-01-07,2024,1,7,33,9,,
2024-01-08,2024,1,8,33,9,,
2024-01-09,2024,1,9,33,9,,
2024-01-10,2024,1,10,33,9,,
2024-01-11,2024,1,11,33,9,,
2024-01-12,2024,1,12,33,9,,
2024-01-13,2024,1,13,33,9,,
2024-01-14,2024,1,14,33,9,,
2024-01-15,2024,1,15,33,9,,
2024-01-16,2024,1,16,33,9,,
2024-01-17,2024,1,17,33,9,,
2024-01-18,2024,1,18,33,9,,
2024-01-19,2024,1,19,33,9,,
2024-01-20,2024,1,20,33,9,,
2024-01-21,2024,1,21,33,9,,
2024-01-22,2024,1,22,33,9,,
2024-01-23,2024,1,23,33,9,,
2024-01-24,2024,1,24,33,9,,
2024-01-25,2024,1,25,33,9,,
2024-01-26,2024,1,26,33,9,,
2024-01-27,2024,1,27,33,9,,
2024-01-28,2024,1,28,33,9,,
2024-01-29,2024,1,29,33,9,,
2024-01-30,2024,1,30,33,9,,
2024-01-31,2024,1,31,33,9,,
2024-02-01,2024,2,1,34,9,,
2024-02-02,2024,2,2,34,9,,
2024-02-03,2024,2,3,34,9,,
2024-02-04,2024,2,4,34,9,,
2024-02-05,2024,2,5,34,9,,
2024-02-06,2024,2,6,34,9,,
2024-02-07,2024,2,7,34,9,,
2024-02-08,2024,2,8,34,9,,
2024-02-09,2024,2,9,34,9,,
2024-02-10,2024,2,10,34,9,,
2024-02-11,2024,2,11,34,9,,
2024-02-12,2024,2,12,34,9,,
2024-02-13,2024,2,13,34,9,,
2024-02-14,2024,2,14,34,9,,
2024-02-15,2024,2,15,34,9,,
2024-02-16,2024,2,16,34,9,,
2024-02-17,2024,2,17,34,9,,
2024-02-18,2024,2,18,34,9,,
2024-02-19,2024,2,19,34,9,,
2024-02-20,2024,2,20,34,9,,
2024-02-21,2024,2,21,34,9,,
2024-02-22,2024,2,22,34,9,,
2024-02-23,2024,2,23,34,9,,
2024-02-24,2024,2,24,34,9,,
2024-02-25,2024,2,25,34,9,,
2024-02-26,2024,2,26,34,9,,
2024-02-27,2024,2,27,34,9,,
2024-02-28,2024,2,28,34,9,,
2024-02-29,2024,2,29,34,9,,
2024-03-01,2024,3,1,34,9,,
2024-03-02,2024,3,2,34,9,,
2024-03-03,2024,3,3,34,9,,
2024-03-04,2024,3,4,34,9,,
2024-03-05,2024,3,5,34,9,,
2024-03-06,2024,3,6,34,9,,
2024-03-07,2024,3,7,34,9,,
2024-03-08,2024,3,8,34,9,,
2024-03-09,2024,3,9,34,9,,
2024-03-10,2024,3,10,34,9,,
2024-03-11,2024,3,11,34,9,,
2024-03-12,2024,3,12,34,9,,
2024-03-13,2024,3,13,34,9,,
2024-03-14,2024,3,14,34,9,,
2024-03-15,2024,3,15,34,9,,
2024-03-16,2024,3,16,34,9,,
2024-03-17,2024,3,17,34,9,,
2024-03-18,2024,3,18,34,9,,
2024-03-19,2024,3,19,34,9,,
2024-03-20,2024,3,20,34,9,,
2024-03-21,2024,3,21,34,9,,
2024-03-22,2024,3,22,34,9,,
2024-03-23,2024,3,23,34,9,,
2024-03-24,2024,3,24,34,9,,
2024-03-25,2024,3,25,34,9,,
2024-03-26,2024,3,26,34,9,,
2024-03-27,2024,3,27,34,9,,
2024-03-28,2024,3,28,34,9,,
2024-03-29,2024,3,29,34,9,,
2024-03-30,2024,3,30,34,9,,
2024-03-31,2024,3,31,34,9,,
2024-04-01,2024,4,1,34,9,,
2024-04-02,2024,4,2,34,9,,
2024-04-03,2024,4,3,34,9,,
2024-04-04,2024,4,4,34,9,,
2024-04-05,2024,4,5,34,9,,
2024-04-06,2024,4,6,34,9,,
2024-04-07,2024,4,7,34,9,,
2024-04-08,2024,4,8,34,9,,
2024-04-09,2024,4,9,34,9,,
2024-04-10,2024,4,10,34,9,,
2024-04-11,2024,4,11,34,9,,
2024-04-12,2024,4,12,34,9,,
2024-04-13,2024,4,13,34,9,,
2024-04-14,2024,4,14,34,9,,
2024-04-15,2024,4,15,34,9,,
2024-04-16,2024,4,16,34,9,,
2024-04-17,2024,4,17,34,9,,
2024-04-18,2024,4,18,34,9,,
2024-04-19,2024,4,19,34,9,,
2024-04-20,2024,4,20,34,9,,
2024-04-21,2024,4,21,34,9,,
2024-04-22,2024,4,22,34,9,,
2024-04-23,2024,4,23,34,9,,
2024-04-24,2024,4,24,34,9,,
2024-04-25,2024,4,25,34,9,,
2024-04-26,2024,4,26,34,9,,
2024-04-27,2024,4,27,34,9,,
2024-04-28,2024,4,28,34,9,,
2024-04-29,2024,4,29,34,9,,
2024-04-30,2024,4,30,34,9,,
2024-05-01,2024,5,1,34,9,,
2024-05-02,2024,5,2,34,9,,
2024-05-03,2024,5,3,34,9,,
2024-05-04,2024,5,4,34,9,,
2024-05-05,2024,5,5,34,9,,
2024-05-06,2024,5,6,34,9,,
2024-05-07,2024,5,7,34,9,,
2024-05-08,2024,5,8,34,9,,
2024-05-09,2024,5,9,34,9,,
2024-05-10,2024,5,10,34,9,,
2024-05-11,2024,5,11,34,9,,
2024-05-12,2024,5,12,34,9,,
2024-05-13,2024,5,13,34,9,,
2024-05-14,2024,5,14,34,9,,
2024-05-15,2024,5,15,34,9,,
2024-05-16,2024,5,16,34,9,,
2024-05-17,2024,5,17,34,9,,
2024-05-18,2024,5,18,34,9,,
2024-05-19,2024,5,19,34,9,,
2024-05-20,2024,5,20,34,9,,
2024-05-21,2024,5,21,34,9,,
2024-05-22,2024,5,22,34,9,,
2024-05-23,2024,5,23,34,9,,
2024-05-24,2024,5,24,34,9,,
2024-05-25,2024,5,25,34,9,,
2024-05-26,2024,5,26,34,9,,
2024-05-27,2024,5,27,34,9,,
2024-05-28,2024,5,28,34,9,,
2024-05-29,2024,5,29,34,9,,
2024-05-30,2024,5,30,34,9,,
2024-05-31,2024,5,31,34,9,,
2024-06-01,2024,6,1,34,9,,
2024-06-02,2024,6,2,34,9,,
2024-06-03,2024,6,3,34,9,,
2024-06-04,2024,6,4,34,9,,
2024-06-05,2024,6,5,34,9,,
2024-06-06,2024,6,6,34,9,,
2024-06-07,2024,6,7,34,9,,
2024-06-08,2024,6,8,34,9,,
2024-06-09,2024,6,9,34,9,,
2024-06-10,2024,6,10,34,9,,
2024-06-11,2024,6,11,34,9,,
2024-06-12,2024,6,12,34,9,,
2024-06-13,2024,6,13,34,9,,
2024-06-14,2024,6,14,34,9,,
2024-06-15,2024,6,15,34,9,,
2024-06-16,2024,6,16,34,9,,
2024-06-17,2024,6,17,34,9,,
2024-06-18,2024,6,18,34,9,,
2024-06-19,2024,6,19,34,9,,
2024-06-20,2024,6,20,34,9,,
2024-06-21,2024,6,21,34,9,,
2024-06-22,2024,6,22,34,9,,
2024-06-23,2024,6,23,34,9,,
2024-06-24,2024,6,24,34,9,,
2024-06-25,2024,6,25,34,9,,
2024-06-26,2024,6,26,34,9,,
2024-06-27,2024,6,27,34,9,,
2024-06-28,2024,6,28,34,9,,
2024-06-29,2024,6,29,34,9,,
2024-06-30,2024,6,30,34,9,,
2024-07-01,2024,7,1,34,9,,
2024-07-02,2024,7,2,34,9,,
2024-07-03,2024,7,3,34,9,,
2024-07-04,2024,7,4,34,9,,
2024-07-05,2024,7,5,34,9,,
2024-07-06,2024,7,6,34,9,,
2024-07-07,2024,7,7,34,9,,
2024-07-08,2024,7,8,34,9,,
2024-07-09,2024,7,9,34,9,,
2024-07-10,2024,7,10,34,9,,
2024-07-11,2024,7,11,34,9,,
2024-07-12,2024,7,12,34,9,,
2024-07-13,2024,7,13,34,9,,
2024-07-14,2024,7,14,34,9,,
2024-07-15,2024,7,15,34,9,,
2024-07-16,2024,7,16,34,9,,
2024-07-17,2024,7,17,34,9,,
2024-07-18,2024,7,18,34,9,,
2024-07-19,2024,7,19,34,9,,
2024-07-20,2024,7,20,34,9,,
2024-07-21,2024,7,21,34,9,,
2024-07-22,2024,7,22,34,9,,
2024-07-23,2024,7,23,34,9,,
2024-07-24,2024,7,24,34,9,,
2024-07-25,2024,7,25,34,9,,
2024-07-26,2024,7,26,34,9,,
2024-07-27,2024,7,27,34,9,,
2024-07-28,2024,7,28,34,9,,
2024-07-29,2024,7,29,34,9,,
2024-07-30,2024,7,30,34,9,,
2024-07-31,2024,7,31,34,9,,
2024-08-01,2024,8,1,34,9,,
2024-08-02,2024,8,2,34,9,,
2024-08-03,2024,8,3,34,9,,
2024-08-04,2024,8,4,34,9,,
2024-08-05,2024,8,5,34,9,,
2024-08-06,2024,8,6,34,9,,
2024-08-07,2024,8,7,34,9,,
2024-08-08,2024,8,8,34,9,,
2024-08-09,2024,8,9,34,9,,
2024-08-10,2024,8,10,34,9,,
2024-08-11,2024,8,11,34,9,,
2024-08-12,2024,8,12,34,9,,
2024-08-13,2024,8,13,34,9,,
2024-08-14,2024,8,14,34,9,,
2024-08-15,2024,8,15,34,9,,
2024-08-16,2024,8,16,34,9,,
2024-08-17,2024,8,17,34,9,,
2024-08-18,2024,8,18,34,9,,
2024-08-19,2024,8,19,34,9,,
2024-08-20,2024,8,20,34,9,,
2024-08-21,2024,8,21,34,9,,
2024-08-22,2024,8,22,34,9,,
2024-08-23,2024,8,23,34,9,,
2024-08-24,2024,8,24,34,9,,
2024-08-25,2024,8,25,34,9,,
2024-08-26,2024,8,26,34,9,,
2024-08-27,2024,8,27,34,9,,
2024-08-28,2024,8,28,34,9,,
2024-08-29,2024,8,29,34,9,,
2024-08-30,2024,8,30,34,9,,
2024-08-31,2024,8,31,34,9,,
2024-09-01,2024,9,1,34,9,,
2024-09-02,2024,9,2,34,9,,
2024-09-03,2024,9,3,34,9,,
2024-09-04,2024,9,4,34,9,,
2024-09-05,2024,9,5,34,9,,
2024-09-06,2024,9,6,34,9,,
2024-09-07,2024,9,7,34,9,,
2024-09-08,2024,9,8,34,9,,
2024-09-09,2024,9,9,34,9,,
2024-09-10,2024,9,10,34,9,,
2024-09-11,2024,9,11,34,9,,
2024-09-12,2024,9,12,34,9,,
2024-09-13,2024,9,13,34,9,,
2024-09-14,2024,9,14,34,9,,
2024-09-15,2024,9,15,34,9,,
2024-09-16,2024,9,16,34,9,,
2024-09-17,2024,9,17,34,9,,
2024-09-18,2024,9,18,34,9,,
2024-09-19,2024,9,19,34,9,,
2024-09-20,2024,9,20,34,9,,
2024-09-21,2024,9,21,34,9,,
2024-09-22,2024,9,22,34,9,,
2024-09-23,2024,9,23,34,9,,
2024-09-24,2024,9,24,34,9,,
2024-09-25,2024,9,25,34,9,,
2024-09-26,2024,9,26,34,9,,
2024-09-27,2024,9,27,34,9,,
2024-09-28,2024,9,28,34,9,,
2024-09-29,2024,9,29,34,9,,
2024-09-30,2024,9,30,34,9,,
2024-10-01,2024,10,1,34,9,,
2024-10-02,2024,10,2,34,9,,
2024-10-03,2024,10,3,34,9,,
2024-10-04,2024,10,4,34,9,,
2024-10-05,2024,10,5,34,9,,
2024-10-06,2024,10,6,34,9,,
2024-10-07,2024,10,7,34,9,,
2024-10-08,2024,10,8,34,9,,
2024-10-09,2024,10,9,34,9,,
2024-10-10,2024,10,10,34,9,,
2024-10-11,2024,10,11,34,9,,
2024-10-12,2024,10,12,34,9,,
2024-10-13,2024,10,13,34,9,,
2024-10-14,2024,10,14,34,9,,
2024-10-15,2024,10,15,34,9,,
2024-10-16,2024,10,16,34,9,,
2024-10-17,2024,10,17,34,9,,
2024-10-18,2024,10,18,34,9,,
2024-10-19,2024,10,19,34,9,,
2024-10-20,2024,10,20,34,9,,
2024-10-21,2024,10,21,34,9,,
2024-10-22,2024,10,22,34,9,,
2024-10-23,2024,10,23,34,9,,
2024-10-24,2024,10,24,34,9,,
2024-10-25,2024,10,25,34,9,,
2024-10-26,2024,10,26,34,9,,
2024-10-27,2024,10,27,34,9,,
2024-10-28,2024,10,28,34,9,,
2024-10-29,2024,10,29,34,9,,
2024-10-30,2024,10,30,34,9,,
2024-10-31,2024,10,31,34,9,,
2024-11-01,2024,11,1,34,9,,
2024-11-02,2024,11,2,34,9,,
2024-11-03,2024,11,3,34,9,,
2024-11-04,2024,11,4,34,9,,
2024-11-05,2024,11,5,34,9,,
2024-11-06,2024,11,6,34,9,,
2024-11-07,2024,11,7,34,9,,
2024-11-08,2024,11,8,34,9,,
2024-11-09,2024,11,9,34,9,,
2024-11-10,2024,11,10,34,9,,
2024-11-11,2024,11,11,34,9,,
2024-11-12,2024,11,12,34,9,,
2024-11-13,2024,11,13,34,9,,
2024-11-14,2024,11,14,34,9,,
2024-11-15,2024,11,15,34,9,,
2024-11-16,2024,11,16,34,9,,
2024-11-17,2024,11,17,34,9,,
2024-11-18,2024,11,18,34,9,,
2024-11-19,2024,11,19,34,9,,
2024-11-20,2024,11,20,34,9,,
2024-11-21,2024,11,21,34,9,,
2024-11-22,2024,11,22,34,9,,
2024-11-23,2024,11,23,34,9,,
2024-11-24,2024,11,24,34,9,,
2024-11-25,2024,11,25,34,9,,
2024-11-26,2024,11,26,34,9,,
2024-11-27,2024,11,27,34,9,,
2024-11-28,2024,11,28,34,9,,
2024-11-29,2024,11,29,34,9,,
2024-11-30,2024,11,30,34,9,,
2024-12-01,2024,12,1,34,9,,
2024-12-02,2024,12,2,34,9,,
2024-12-03,2024,12,3,34,9,,
2024-12-04,2024,12,4,34,9,,
2024-12-05,2024,12,5,34,9,,
2024-12-06,2024,12,6,34,9,,
2024-12-07,2024,12,7,34,9,,
2024-12-08,2024,12,8,34,9,,
2024-12-09,2024,12,9,34,9,,
2024-12-10,2024,12,10,34,9,,
2024-12-11,2024,12,11,34,9,,
2024-12-12,2024,12,12,34,9,,
2024-12-13,2024,12,13,34,9,,
2024-12-14,2024,12,14,34,9,,
2024-12-15,2024,12,15,34,9,,
2024-12-16,2024,12,16,34,9,,
2024-12-17,2024,12,17,34,9,,
2024-12-18,2024,12,18,34,9,,
2024-12-19,2024,12,19,34,9,,
2024-12-20,2024,12,20,34,9,,
2024-12-21,2024,12,21,34,9,,
2024-12-22,2024,12,22,34,9,,
2024-12-23,2024,12,23,34,9,,
2024-12-24,2024,12,24,34,9,,
2024-12-25,2024,12,25,34,9,,
2024-12-26,2024,12,26,34,9,,
2024-12-27,2024,12,27,34,9,,
2024-12-28,2024,12,28,34,9,,
2024-12-29,2024,12,29,34,9,,
2024-12-30,2024,12,30,34,9,,
2024-12-31,2024,12,31,34,9,,
2025-01-01,2025,1,1,34,9,,
2025-01-02,2025,1,2,34,9,,
2025-01-03,2025,1,3,34,9,,
2025-01-04,2025,1,4,34,9,,
2025-01-05,2025,1,5,34,9,,
2025-01-06,2025,1,6,34,9,,
2025-01-07,2025,1,7,34,9,,
2025-01-08,2025,1,8,34,9,,
2025-01-09,2025,1,9,34,9,,
2025-01-10,2025,1,10,34,9,,
2025-01-11,2025,1,11,34,9,,
2025-01-12,2025,1,12,34,9,,
2025-01-13,2025,1,13,34,9,,
2025-01-14,2025,1,14,34,9,,
2025-01-15,2025,1,15,34,9,,
2025-01-16,2025,1,16,34,9,,
2025-01-17,2025,1,17,34,9,,
2025-01-18,2025,1,18,34,9,,
2025-01-19,2025,1,19,34,9,,
2025-01-20,2025,1,20,34,9,,
2025-01-21,2025,1,21,34,9,,
2025-01-22,2025,1,22,34,9,,
2025-01-23,2025,1,23,34,9,,
2025-01-24,2025,1,24,34,9,,
2025-01-25,2025,1,25,34,9,,
2025-01-26,2025,1,26,34,9,,
2025-01-27,2025,1,27,34,9,,
2025-01-28,2025,1,28,34,9,,
2025-01-29,2025,1,29,34,9,,
2025-01-30,2025,1,30,34,9,,
2025-01-31,2025,1,31,34,9,,
2025-02-01,2025,2,1,34,9,,
2025-02-02,2025,2,2,34,9,,
2025-02-03,2025,2,3,34,9,,
2025-02-04,2025,2,4,34,9,,
2025-02-05,2025,2,5,34,9,,
2025-02-06,2025,2,6,34,9,,
2025-02-07,2025,2,7,34,9,,
2025-02-08,2025,2,8,34,9,,
2025-02-09,2025,2,9,34,9,,
2025-02-10,2025,2,10,35,9,,
2025-02-11,2025,2,11,35,9,,
2025-02-12,2025,2,12,35,9,,
2025-02-13,2025,2,13,35,9,,
2025-02-14,2025,2,14,35,9,,
2025-02-15,2025,2,15,35,9,,
2025-02-16,2025,2,16,35,9,,
2025-02-17,2025,2,17,35,9,,
2025-02-18,2025,2,18,35,9,,
2025-02-19,2025,2,19,35,9,,
2025-02-20,2025,2,20,35,9,,
2025-02-21,2025,2,21,35,9,,
2025-02-22,2025,2,22,35,9,,
2025-02-23,2025,2,23,35,9,,
2025-02-24,2025,2,24,35,9,,
2025-02-25,2025,2,25,35,9,,
2025-02-26,2025,2,26,35,9,,
2025-02-27,2025,2,27,35,9,,
2025-02-28,2025,2,28,35,9,,
2025-03-01,2025,3,1,35,9,,
2025-03-02,2025,3,2,35,9,,
2025-03-03,2025,3,3,35,9,,
2025-03-04,2025,3,4,35,9,,
2025-03-05,2025,3,5,35,9,,
2025-03-06,2025,3,6,35,9,,
2025-03-07,2025,3,7,35,9,,
2025-03-08,2025,3,8,35,9,,
2025-03-09,2025,3,9,35,9,,
2025-03-10,2025,3,10,35,9,,
2025-03-11,2025,3,11,35,9,,
2025-03-12,2025,3,12,35,9,,
2025-03-13,2025,3,13,35,9,,
2025-03-14,2025,3,14,35,9,,
2025-03-15,2025,3,15,35,9,,
2025-03-16,2025,3,16,35,9,,
2025-03-17,2025,3,17,35,9,,
2025-03-18,2025,3,18,35,9,,
2025-03-19,2025,3,19,35,9,,
2025-03-20,2025,3,20,35,9,,
2025-03-21,2025,3,21,35,9,,
2025-03-22,2025,3,22,35,9,,
2025-03-23,2025,3,23,35,9,,
2025-03-24,2025,3,24,35,9,,
2025-03-25,2025,3,25,35,9,,
2025-03-26,2025,3,26,35,9,,
2025-03-27,2025,3,27,35,9,,
2025-03-28,2025,3,28,35,9,,
2025-03-29,2025,3,29,35,9,,
2025-03-30,2025,3,30,35,9,,
2025-03-31,2025,3,31,35,9,,
2025-04-01,2025,4,1,35,9,,
2025-04-02,2025,4,2,35,9,,
2025-04-03,2025,4,3,35,9,,
2025-04-04,2025,4,4,35,9,,
2025-04-05,2025,4,5,35,9,,
2025-04-06,2025,4,6,35,9,,
2025-04-07,2025,4,7,35,9,,
2025-04-08,2025,4,8,35,9,,
2025-04-09,2025,4,9,35,9,,
2025-04-10,2025,4,10,35,9,,
2025-04-11,2025,4,11,35,9,,
2025-04-12,2025,4,12,35,9,,
2025-04-13,2025,4,13,35,9,,
2025-04-14,2025,4,14,35,9,,
2025-04-15,2025,4,15,35,9,,
2025-04-16,2025,4,16,35,9,,
2025-04-17,2025,4,17,35,9,,
2025-04-18,2025,4,18,35,9,,
2025-04-19,2025,4,19,35,9,,
2025-04-20,2025,4,20,35,9,,
2025-04-21,2025,4,21,35,9,,
2025-04-22,2025,4,22,35,9,,
2025-04-23,2025,4,23,35,9,,
2025-04-24,2025,4,24,35,9,,
2025-04-25,2025,4,25,35,9,,
2025-04-26,2025,4,26,35,9,,
2025-04-27,2025,4,27,35,9,,
2025-04-28,2025,4,28,35,9,,
2025-04-29,2025,4,29,35,9,,
2025-04-30,2025,4,30,35,9,,
2025-05-01,2025,5,1,35,9,,
2025-05-02,2025,5,2,35,9,,
2025-05-03,2025,5,3,35,9,,
2025-05-04,2025,5,4,35,9,,
2025-05-05,2025,5,5,35,9,,
2025-05-06,2025,5,6,35,9,,
2025-05-07,2025,5,7,35,9,,
2025-05-08,2025,5,8,35,9,,
2025-05-09,2025,5,9,35,9,,
2025-05-10,2025,5,10,35,9,,
2025-05-11,2025,5,11,35,9,,
2025-05-12,2025,5,12,35,9,,
2025-05-13,2025,5,13,35,9,,
2025-05-14,2025,5,14,35,9,,
2025-05-15,2025,5,15,35,9,,
2025-05-16,2025,5,16,35,9,,
2025-05-17,2025,5,17,35,9,,
2025-05-18,2025,5,18,35,9,,
2025-05-19,2025,5,19,35,9,,
2025-05-20,2025,5,20,35,9,,
2025-05-21,2025,5,21,35,9,,
2025-05-22,2025,5,22,35,9,,
2025-05-23,2025,5,23,35,9,,
2025-05-24,2025,5,24,35,9,,
2025-05-25,2025,5,25,35,9,,
2025-05-26,2025,5,26,35,9,,
2025-05-27,2025,5,27,35,9,,
2025-05-28,2025,5,28,35,9,,
2025-05-29,2025,5,29,35,9,,
2025-05-30,2025,5,30,35,9,,
2025-05-31,2025,5,31,35,9,,
2025-06-01,2025,6,1,35,9,,
2025-06-02,2025,6,2,35,9,,
2025-06-03,2025,6,3,35,9,,
2025-06-04,2025,6,4,35,9,,
2025-06-05,2025,6,5,35,9,,
2025-06-06,2025,6,6,35,9,,
2025-06-07,2025,6,7,35,9,,
2025-06-08,2025,6,8,35,9,,
2025-06-09,2025,6,9,35,9,,
2025-06-10,2025,6,10,35,9,,
2025-06-11,2025,6,11,35,9,,
2025-06-12,2025,6,12,35,9,,
2025-06-13,2025,6,13,35,9,,
2025-06-14,2025,6,14,35,9,,
2025-06-15,2025,6,15,35,9,,
2025-06-16,2025,6,16,35,9,,
2025-06-17,2025,6,17,35,9,,
2025-06-18,2025,6,18,35,9,,
2025-06-19,2025,6,19,35,9,,
2025-06-20,2025,6,20,35,9,,
2025-06-21,2025,6,21,35,9,,
2025-06-22,2025,6,22,35,9,,
2025-06-23,2025,6,23,35,9,,
2025-06-24,2025,6,24,35,9,,
2025-06-25,2025,6,25,35,9,,
2025-06-26,2025,6,26,35,9,,
2025-06-27,2025,6,27,35,9,,
2025-06-28,2025,6,28,35,9,,
2025-06-29,2025,6,29,35,9,,
2025-06-30,2025,6,30,35,9,,
2025-07-01,2025,7,1,35,9,,
2025-07-02,2025,7,2,35,9,,
2025-07-03,2025,7,3,35,9,,
2025-07-04,2025,7,4,35,9,,
2025-07-05,2025,7,5,35,9,,
2025-07-06,2025,7,6,35,9,,
2025-07-07,2025,7,7,35,9,,
2025-07-08,2025,7,8,35,9,,
2025-07-09,2025,7,9,35,9,,
2025-07-10,2025,7,10,35,9,,
2025-07-11,2025,7,11,35,9,,
2025-07-12,2025,7,12,35,9,,
2025-07-13,2025,7,13,35,9,,
2025-07-14,2025,7,14,35,9,,
2025-07-15,2025,7,15,35,9,,
2025-07-16,2025,7,16,35,9,,
2025-07-17,2025,7,17,35,9,,
2025-07-18,2025,7,18,35,9,,
2025-07-19,2025,7,19,35,9,,
2025-07-20,2025,7,20,35,9,,
2025-07-21,2025,7,21,35,9,,
2025-07-22,2025,7,22,35,9,,
2025-07-23,2025,7,23,35,9,,
2025-07-24,2025,7,24,35,9,,
2025-07-25,2025,7,25,35,9,,
2025-07-26,2025,7,26,35,9,,
2025-07-27,2025,7,27,35,9,,
2025-07-28,2025,7,28,35,9,,
2025-07-29,2025,7,29,35,9,,
2025-07-30,2025,7,30,35,9,,
2025-07-31,2025,7,31,35,9,,
2025-08-01,2025,8,1,35,9,,
2025-08-02,2025,8,2,35,9,,
2025-08-03,2025,8,3,35,9,,
2025-08-04,2025,8,4,35,9,,
2025-08-05,2025,8,5,35,9,,
2025-08-06,2025,8,6,35,9,,
2025-08-07,2025,8,7,35,9,,
2025-08-08,2025,8,8,35,9,,
2025-08-09,2025,8,9,35,9,,
2025-08-10,2025,8,10,35,9,,
2025-08-11,2025,8,11,35,9,,
2025-08-12,2025,8,12,35,9,,
2025-08-13,2025,8,13,35,9,,
2025-08-14,2025,8,14,35,9,,
2025-08-15,2025,8,15,35,9,,
2025-08-16,2025,8,16,35,9,,
2025-08-17,2025,8,17,35,9,,
2025-08-18,2025,8,18,35,9,,
2025-08-19,2025,8,19,35,9,,
2025-08-20,2025,8,20,35,9,,
2025-08-21,2025,8,21,35,9,,
2025-08-22,2025,8,22,35,9,,
2025-08-23,2025,8,23,35,9,,
2025-08-24,2025,8,24,35,9,,
2025-08-25,2025,8,25,35,9,,
2025-08-26,2025,8,26,35,9,,
2025-08-27,2025,8,27,35,9,,
2025-08-28,2025,8,28,35,9,,
2025-08-29,2025,8,29,35,9,,
2025-08-30,2025,8,30,35,9,,
2025-08-31,2025,8,31,35,9,,
2025-09-01,2025,9,1,35,9,,
2025-09-02,2025,9,2,35,9,,
2025-09-03,2025,9,3,35,9,,
2025-09-04,2025,9,4,35,9,,
2025-09-05,2025,9,5,35,9,,
2025-09-06,2025,9,6,35,9,,
2025-09-07,2025,9,7,35,9,,
2025-09-08,2025,9,8,35,9,,
2025-09-09,2025,9,9,35,9,,
2025-09-10,2025,9,10,35,9,,
2025-09-11,2025,9,11,35,9,,
2025-09-12,2025,9,12,35,9,,
2025-09-13,2025,9,13,35,9,,
2025-09-14,2025,9,14,35,9,,
2025-09-15,2025,9,15,35,9,,
2025-09-16,2025,9,16,35,9,,
2025-09-17,2025,9,17,35,9,,
2025-09-18,2025,9,18,35,9,,
2025-09-19,2025,9,19,35,9,,
2025-09-20,2025,9,20,35,9,,
2025-09-21,2025,9,21,35,9,,
2025-09-22,2025,9,22,35,9,,
2025-09-23,2025,9,23,35,9,,
2025-09-24,2025,9,24,35,9,,
2025-09-25,2025,9,25,35,9,,
2025-09-26,2025,9,26,35,9,,
2025-09-27,2025,9,27,35,9,,
2025-09-28,2025,9,28,35,9,,
2025-09-29,2025,9,29,35,9,,
2025-09-30,2025,9,30,35,9,,
2025-10-01,2025,10,1,35,9,,
2025-10-02,2025,10,2,35,9,,
2025-10-03,2025,10,3,35,9,,
2025-10-04,2025,10,4,35,9,,
2025-10-05,2025,10,5,35,9,,
2025-10-06,2025,10,6,35,9,,
2025-10-07,2025,10,7,35,9,,
2025-10-08,2025,10,8,35,9,,
2025-10-09,2025,10,9,35,9,,
2025-10-10,2025,10,10,35,9,,
2025-10-11,2025,10,11,35,9,,
2025-10-12,2025,10,12,35,9,,
2025-10-13,2025,10,13,35,9,,
2025-10-14,2025,10,14,35,9,,
2025-10-15,2025,10,15,35,9,,
2025-10-16,2025,10,16,35,9,,
2025-10-17,2025,10,17,35,9,,
2025-10-18,2025,10,18,35,9,,
2025-10-19,2025,10,19,35,9,,
2025-10-20,2025,10,20,35,9,,
2025-10-21,2025,10,21,35,9,,
2025-10-22,2025,10,22,35,9,,
2025-10-23,2025,10,23,35,9,,
2025-10-24,2025,10,24,35,9,,
2025-10-25,2025,10,25,35,9,,
2025-10-26,2025,10,26,35,9,,
2025-10-27,2025,10,27,35,9,,
2025-10-28,2025,10,28,35,9,,
2025-10-29,2025,10,29,35,9,,
2025-10-30,2025,10,30,35,9,,
2025-10-31,2025,10,31,35,9,,
2025-11-01,2025,11,1,35,9,,
2025-11-02,2025,11,2,35,9,,
2025-11-03,2025,11,3,35,9,,
2025-11-04,2025,11,4,35,9,,
2025-11-05,2025,11,5,35,9,,
2025-11-06,2025,11,6,35,9,,
2025-11-07,2025,11,7,35,9,,
2025-11-08,2025,11,8,35,9,,
2025-11-09,2025,11,9,35,9,,
2025-11-10,2025,11,10,35,9,,
2025-11-11,2025,11,11,35,9,,
2025-11-12,2025,11,12,35,9,,
2025-11-13,2025,11,13,35,9,,
2025-11-14,2025,11,14,35,9,,
2025-11-15,2025,11,15,35,9,,
2025-11-16,2025,11,16,35,9,,
2025-11-17,2025,11,17,35,9,,
2025-11-18,2025,11,18,35,9,,
2025-11-19,2025,11,19,35,9,,
2025-11-20,2025,11,20,35,9,,
2025-11-21,2025,11,21,35,9,,
2025-11-22,2025,11,22,35,9,,
2025-11-23,2025,11,23,35,9,,
2025-11-24,2025,11,24,35,9,,
2025-11-25,2025,11,25,35,9,,
2025-11-26,2025,11,26,35,9,,
2025-11-27,2025,11,27,35,9,,
2025-11-28,2025,11,28,35,9,,
2025-11-29,2025,11,29,35,9,,
2025-11-30,2025,11,30,35,9,,
2025-12-01,2025,12,1,35,9,,
2025-12-02,2025,12,2,35,9,,
2025-12-03,2025,12,3,35,9,,
2025-12-04,2025,12,4,35,9,,
2025-12-05,2025,12,5,35,9,,
2025-12-06,2025,12,6,35,9,,
2025-12-07,2025,12,7,35,9,,
2025-12-08,2025,12,8,35,9,,
2025-12-09,2025,12,9,35,9,,
2025-12-10,2025,12,10,35,9,,
2025-12-11,2025,12,11,35,9,,
2025-12-12,2025,12,12,35,9,,
2025-12-13,2025,12,13,35,9,,
2025-12-14,2025,12,14,35,9,,
2025-12-15,2025,12,15,35,9,,
2025-12-16,2025,12,16,35,9,,
2025-12-17,2025,12,17,35,9,,
2025-12-18,2025,12,18,35,9,,
2025-12-19,2025,12,19,35,9,,
2025-12-20,2025,12,20,35,9,,
2025-12-21,2025,12,21,35,9,,
2025-12-22,2025,12,22,35,9,,
2025-12-23,2025,12,23,35,9,,
2025-12-24,2025,12,24,35,9,,
2025-12-25,2025,12,25,35,9,,
2025-12-26,2025,12,26,35,9,,
2025-12-27,2025,12,27,35,9,,
2025-12-28,2025,12,28,35,9,,
2025-12-29,2025,12,29,35,9,,
2025-12-30,2025,12,30,35,9,,
2025-12-31,2025,12,31,35,9,,
2026-01-01,2026,1,1,35,9,,
2026-01-02,2026,1,2,35,9,,
2026-01-03,2026,1,3,35,9,,
2026-01-04,2026,1,4,35,9,,
2026-01-05,2026,1,5,35,9,,
2026-01-06,2026,1,6,35,9,,
2026-01-07,2026,1,7,35,9,,
2026-01-08,2026,1,8,35,9,,
2026-01-09,2026,1,9,35,9,,
2026-01-10,2026,1,10,35,9,,
2026-01-11,2026,1,11,35,9,,
2026-01-12,2026,1,12,35,9,,
2026-01-13,2026,1,13,35,9,,
2026-01-14,2026,1,14,35,9,,
2026-01-15,2026,1,15,35,9,,
2026-01-16,2026,1,16,35,9,,
2026-01-17,2026,1,17,35,9,,
2026-01-18,2026,1,18,35,9,,
2026-01-19,2026,1,19,35,9,,
2026-01-20,2026,1,20,35,9,,
2026-01-21,2026,1,21,35,9,,
2026-01-22,2026,1,22,35,9,,
2026-01-23,2026,1,23,35,9,,
2026-01-24,2026,1,24,35,9,,
2026-01-25,2026,1,25,35,9,,
2026-01-26,2026,1,26,35,9,,
2026-01-27,2026,1,27,35,9,,
2026-01-28,2026,1,28,35,9,,
2026-01-29,2026,1,29,35,9,,
2026-01-30,2026,1,30,35,9,,
2026-01-31,2026,1,31,35,9,,
2026-02-01,2026,2,1,35,9,,
2026-02-02,2026,2,2,36,9,,
2026-02-03,2026,2,3,36,9,,
2026-02-04,2026,2,4,36,9,,
2026-02-05,2026,2,5,36,9,,
2026-02-06,2026,2,6,36,9,,
2026-02-07,2026,2,7,36,9,,
2026-02-08,2026,2,8,36,9,,
2026-02-09,2026,2,9,36,9,,
2026-02-10,2026,2,10,36,9,,
2026-02-11,2026,2,11,36,9,,
2026-02-12,2026,2,12,36,9,,
2026-02-13,2026,2,13,36,9,,
2026-02-14,2026,2,14,36,9,,
2026-02-15,2026,2,15,36,9,,
2026-02-16,2026,2,16,36,9,,
2026-02-17,2026,2,17,36,9,,
2026-02-18,2026,2,18,36,9,,
2026-02-19,2026,2,19,36,9,,
2026-02-20,2026,2,20,36,9,,
2026-02-21,2026,2,21,36,9,,
2026-02-22,2026,2,22,36,9,,
2026-02-23,2026,2,23,36,9,,
2026-02-24,2026,2,24,36,9,,
2026-02-25,2026,2,25,36,9,,
2026-02-26,2026,2,26,36,9,,
2026-02-27,2026,2,27,36,9,,
2026-02-28,2026,2,28,36,9,,
2026-03-01,2026,3,1,36,9,,
2026-03-02,2026,3,2,36,9,,
2026-03-03,2026,3,3,36,9,,
2026-03-04,2026,3,4,36,9,,
2026-03-05,2026,3,5,36,9,,
2026-03-06,2026,3,6,36,9,,
2026-03-07,2026,3,7,36,9,,
2026-03-08,2026,3,8,36,9,,
2026-03-09,2026,3,9,36,9,,
2026-03-10,2026,3,10,36,9,,
2026-03-11,2026,3,11,36,9,,
2026-03-12,2026,3,12,36,9,,
2026-03-13,2026,3,13,36,9,,
2026-03-14,2026,3,14,36,9,,
2026-03-15,2026,3,15,36,9,,
2026-03-16,2026,3,16,36,9,,
2026-03-17,2026,3,17,36,9,,
2026-03-18,2026,3,18,36,9,,
2026-03-19,2026,3,19,36,9,,
2026-03-20,2026,3,20,36,9,,
2026-03-21,2026,3,21,36,9,,
2026-03-22,2026,3,22,36,9,,
2026-03-23,2026,3,23,36,9,,
2026-03-24,2026,3,24,36,9,,
2026-03-25,2026,3,25,36,9,,
2026-03-26,2026,3,26,36,9,,
2026-03-27,2026,3,27,36,9,,
2026-03-28,2026,3,28,36,9,,
2026-03-29,2026,3,29,36,9,,
2026-03-30,2026,3,30,36,9,,
2026-03-31,2026,3,31,36,9,,
2026-04-01,2026,4,1,36,9,,
2026-04-02,2026,4,2,36,9,,
2026-04-03,2026,4,3,36,9,,
2026-04-04,2026,4,4,36,9,,
2026-04-05,2026,4,5,36,9,,
2026-04-06,2026,4,6,36,9,,
2026-04-07,2026,4,7,36,9,,
2026-04-08,2026,4,8,36,9,,
2026-04-09,2026,4,9,36,9,,
2026-04-10,2026,4,10,36,9,,
2026-04-11,2026,4,11,36,9,,
2026-04-12,2026,4,12,36,9,,
2026-04-13,2026,4,13,36,9,,
2026-04-14,2026,4,14,36,9,,
2026-04-15,2026,4,15,36,9,,
2026-04-16,2026,4,16,36,9,,
2026-04-17,2026,4,17,36,9,,
2026-04-18,2026,4,18,36,9,,
2026-04-19,2026,4,19,36,9,,
2026-04-20,2026,4,20,36,9,,
2026-04-21,2026,4,21,36,9,,
2026-04-22,2026,4,22,36,9,,
2026-04-23,2026,4,23,36,9,,
2026-04-24,2026,4,24,36,9,,
2026-04-25,2026,4,25,36,9,,
2026-04-26,2026,4,26,36,9,,
2026-04-27,2026,4,27,36,9,,
2026-04-28,2026,4,28,36,9,,
2026-04-29,2026,4,29,36,9,,
2026-04-30,2026,4,30,36,9,,
2026-05-01,2026,5,1,36,9,,
2026-05-02,2026,5,2,36,9,,
2026-05-03,2026,5,3,36,9,,
2026-05-04,2026,5,4,36,9,,
2026-05-05,2026,5,5,36,9,,
2026-05-06,2026,5,6,36,9,,
2026-05-07,2026,5,7,36,9,,
2026-05-08,2026,5,8,36,9,,
2026-05-09,2026,5,9,36,9,,
2026-05-10,2026,5,10,36,9,,
2026-05-11,2026,5,11,36,9,,
2026-05-12,2026,5,12,36,9,,
2026-05-13,2026,5,13,36,9,,
2026-05-14,2026,5,14,36,9,,
2026-05-15,2026,5,15,36,9,,
2026-05-16,2026,5,16,36,9,,
2026-05-17,2026,5,17,36,9,,
2026-05-18,2026,5,18,36,9,,
2026-05-19,2026,5,19,36,9,,
2026-05-20,2026,5,20,36,9,,
2026-05-21,2026,5,21,36,9,,
2026-05-22,2026,5,22,36,9,,
2026-05-23,2026,5,23,36,9,,
2026-05-24,2026,5,24,36,9,,
2026-05-25,2026,5,25,36,9,,
2026-05-26,2026,5,26,36,9,,
2026-05-27,2026,5,27,36,9,,
2026-05-28,2026,5,28,36,9,,
2026-05-29,2026,5,29,36,9,,
2026-05-30,2026,5,30,36,9,,
2026-05-31,2026,5,31,36,9,,
2026-06-01,2026,6,1,36,9,,
2026-06-02,2026,6,2,36,9,,
2026-06-03,2026,6,3,36,9,,
2026-06-04,2026,6,4,36,9,,
2026-06-05,2026,6,5,36,9,,
2026-06-06,2026,6,6,36,9,,
2026-06-07,2026,6,7,36,9,,
2026-06-08,2026,6,8,36,9,,
2026-06-09,2026,6,9,36,9,,
2026-06-10,2026,6,10,36,9,,
2026-06-11,2026,6,11,36,9,,
2026-06-12,2026,6,12,36,9,,
2026-06-13,2026,6,13,36,9,,
2026-06-14,2026,6,14,36,9,,
2026-06-15,2026,6,15,36,9,,
2026-06-16,2026,6,16,36,9,,
2026-06-17,2026,6,17,36,9,,
2026-06-18,2026,6,18,36,9,,
2026-06-19,2026,6,19,36,9,,
2026-06-20,2026,6,20,36,9,,
2026-06-21,2026,6,21,36,9,,
2026-06-22,2026,6,22,36,9,,
2026-06-23,2026,6,23,36,9,,
2026-06-24,2026,6,24,36,9,,
2026-06-25,2026,6,25,36,9,,
2026-06-26,2026,6,26,36,9,,
2026-06-27,2026,6,27,36,9,,
2026-06-28,2026,6,28,36,9,,
2026-06-29,2026,6,29,36,9,,
2026-06-30,2026,6,30,36,9,,
2026-07-01,2026,7,1,36,9,,
2026-07-02,2026,7,2,36,9,,
2026-07-03,2026,7,3,36,9,,
2026-07-04,2026,7,4,36,9,,
2026-07-05,2026,7,5,36,9,,
2026-07-06,2026,7,6,36,9,,
2026-07-07,2026,7,7,36,9,,
2026-07-08,2026,7,8,36,9,,
2026-07-09,2026,7,9,36,9,,
2026-07-10,2026,7,10,36,9,,
2026-07-11,2026,7,11,36,9,,
2026-07-12,2026,7,12,36,9,,
2026-07-13,2026,7,13,36,9,,
2026-07-14,2026,7,14,36,9,,
2026-07-15,2026,7,15,36,9,,
2026-07-16,2026,7,16,36,9,,
2026-07-17,2026,7,17,36,9,,
2026-07-18,2026,7,18,36,9,,
2026-07-19,2026,7,19,36,9,,
2026-07-20,2026,7,20,36,9,,
2026-07-21,2026,7,21,36,9,,
2026-07-22,2026,7,22,36,9,,
2026-07-23,2026,7,23,36,9,,
2026-07-24,2026,7,24,36,9,,
2026-07-25,2026,7,25,36,9,,
2026-07-26,2026,7,26,36,9,,
2026-07-27,2026,7,27,36,9,,
2026-07-28,2026,7,28,36,9,,
2026-07-29,2026,7,29,36,9,,
2026-07-30,2026,7,30,36,9,,
2026-07-31,2026,7,31,36,9,,
2026-08-01,2026,8,1,36,9,,
2026-08-02,2026,8,2,36,9,,
2026-08-03,2026,8,3,36,9,,
2026-08-04,2026,8,4,36,9,,
2026-08-05,2026,8,5,36,9,,
2026-08-06,2026,8,6,36,9,,
2026-08-07,2026,8,7,36,9,,
2026-08-08,2026,8,8,36,9,,
2026-08-09,2026,8,9,36,9,,
2026-08-10,2026,8,10,36,9,,
2026-08-11,2026,8,11,36,9,,
2026-08-12,2026,8,12,36,9,,
2026-08-13,2026,8,13,36,9,,
2026-08-14,2026,8,14,36,9,,
2026-08-15,2026,8,15,36,9,,
2026-08-16,2026,8,16,36,9,,
2026-08-17,2026,8,17,36,9,,
2026-08-18,2026,8,18,36,9,,
2026-08-19,2026,8,19,36,9,,
2026-08-20,2026,8,20,36,9,,
2026-08-21,2026,8,21,36,9,,
2026-08-22,2026,8,22,36,9,,
2026-08-23,2026,8,23,36,9,,
2026-08-24,2026,8,24,36,9,,
2026-08-25,2026,8,25,36,9,,
2026-08-26,2026,8,26,36,9,,
2026-08-27,2026,8,27,36,9,,
2026-08-28,2026,8,28,36,9,,
2026-08-29,2026,8,29,36,9,,
2026-08-30,2026,8,30,36,9,,
2026-08-31,2026,8,31,36,9,,
2026-09-01,2026,9,1,36,9,,
2026-09-02,2026,9,2,36,9,,
2026-09-03,2026,9,3,36,9,,
2026-09-04,2026,9,4,36,9,,
2026-09-05,2026,9,5,36,9,,
2026-09-06,2026,9,6,36,9,,
2026-09-07,2026,9,7,36,9,,
2026-09-08,2026,9,8,36,9,,
2026-09-09,2026,9,9,36,9,,
2026-09-10,2026,9,10,36,9,,
2026-09-11,2026,9,11,36,9,,
2026-09-12,2026,9,12,36,9,,
2026-09-13,2026,9,13,36,9,,
2026-09-14,2026,9,14,36,9,,
2026-09-15,2026,9,15,36,9,,
2026-09-16,2026,9,16,36,9,,
2026-09-17,2026,9,17,36,9,,
2026-09-18,2026,9,18,36,9,,
2026-09-19,2026,9,19,36,9,,
2026-09-20,2026,9,20,36,9,,
2026-09-21,2026,9,21,36,9,,
2026-09-22,2026,9,22,36,9,,
2026-09-23,2026,9,23,36,9,,
2026-09-24,2026,9,24,36,9,,
2026-09-25,2026,9,25,36,9,,
2026-09-26,2026,9,26,36,9,,
2026-09-27,2026,9,27,36,9,,
2026-09-28,2026,9,28,36,9,,
2026-09-29,2026,9,29,36,9,,
2026-09-30,2026,9,30,36,9,,
2026-10-01,2026,10,1,36,9,,
2026-10-02,2026,10,2,36,9,,
2026-10-03,2026,10,3,36,9,,
2026-10-04,2026,10,4,36,9,,
2026-10-05,2026,10,5,36,9,,
2026-10-06,2026,10,6,36,9,,
2026-10-07,2026,10,7,36,9,,
2026-10-08,2026,10,8,36,9,,
2026-10-09,2026,10,9,36,9,,
2026-10-10,2026,10,10,36,9,,
2026-10-11,2026,10,11,36,9,,
2026-10-12,2026,10,12,36,9,,
2026-10-13,2026,10,13,36,9,,
2026-10-14,2026,10,14,36,9,,
2026-10-15,2026,10,15,36,9,,
2026-10-16,2026,10,16,36,9,,
2026-10-17,2026,10,17,36,9,,
2026-10-18,2026,10,18,36,9,,
2026-10-19,2026,10,19,36,9,,
2026-10-20,2026,10,20,36,9,,
2026-10-21,2026,10,21,36,9,,
2026-10-22,2026,10,22,36,9,,
2026-10-23,2026,10,23,36,9,,
2026-10-24,2026,10,24,36,9,,
2026-10-25,2026,10,25,36,9,,
2026-10-26,2026,10,26,36,9,,
2026-10-27,2026,10,27,36,9,,
2026-10-28,2026,10,28,36,9,,
2026-10-29,2026,10,29,36,9,,
2026-10-30,2026,10,30,36,9,,
2026-10-31,2026,10,31,36,9,,
2026-11-01,2026,11,1,36,9,,
2026-11-02,2026,11,2,36,9,,
2026-11-03,2026,11,3,36,9,,
2026-11-04,2026,11,4,36,9,,
2026-11-05,2026,11,5,36,9,,
2026-11-06,2026,11,6,36,9,,
2026-11-07,2026,11,7,36,9,,
2026-11-08,2026,11,8,36,9,,
2026-11-09,2026,11,9,36,9,,
2026-11-10,2026,11,10,36,9,,
2026-11-11,2026,11,11,36,9,,
2026-11-12,2026,11,12,36,9,,
2026-11-13,2026,11,13,36,9,,
2026-11-14,2026,11,14,36,9,,
2026-11-15,2026,11,15,36,9,,
2026-11-16,2026,11,16,36,9,,
2026-11-17,2026,11,17,36,9,,
2026-11-18,2026,11,18,36,9,,
2026-11-19,2026,11,19,36,9,,
2026-11-20,2026,11,20,36,9,,
2026-11-21,2026,11,21,36,9,,
2026-11-22,2026,11,22,36,9,,
2026-11-23,2026,11,23,36,9,,
2026-11-24,2026,11,24,36,9,,
2026-11-25,2026,11,25,36,9,,
2026-11-26,2026,11,26,36,9,,
2026-11-27,2026,11,27,36,9,,
2026-11-28,2026,11,28,36,9,,
2026-11-29,2026,11,29,36,9,,
2026-11-30,2026,11,30,36,9,,
2026-12-01,2026,12,1,36,9,,
2026-12-02,2026,12,2,36,9,,
2026-12-03,2026,12,3,36,9,,
2026-12-04,2026,12,4,36,9,,
2026-12-05,2026,12,5,36,9,,
2026-12-06,2026,12,6,36,9,,
2026-12-07,2026,12,7,36,9,,
2026-12-08,2026,12,8,36,9,,
2026-12-09,2026,12,9,36,9,,
2026-12-10,2026,12,10,36,9,,
2026-12-11,2026,12,11,36,9,,
2026-12-12,2026,12,12,36,9,,
2026-12-13,2026,12,13,36,9,,
2026-12-14,2026,12,14,36,9,,
2026-12-15,2026,12,15,36,9,,
2026-12-16,2026,12,16,36,9,,
2026-12-17,2026,12,17,36,9,,
2026-12-18,2026,12,18,36,9,,
2026-12-19,2026,12,19,36,9,,
2026-12-20,2026,12,20,36,9,,
2026-12-21,2026,12,21,36,9,,
2026-12-22,2026,12,22,36,9,,
2026-12-23,2026,12,23,36,9,,
2026-12-24,2026,12,24,36,9,,
2026-12-25,2026,12,25,36,9,,
2026-12-26,2026,12,26,36,9,,
2026-12-27,2026,12,27,36,9,,
2026-12-28,2026,12,28,36,9,,
2026-12-29,2026,12,29,36,9,,
2026-12-30,2026,12,30,36,9,,
2026-12-31,2026,12,31,36,9,,
