grafia_norm,chave_deputado,razao,citacao
daniel_donizete,17,erro_de_grafia_na_fonte,Daniel Donizet
dra._jane,61,nome_politico,Doutora Jane
dra_jane,61,nome_politico,Doutora Jane
fernando_fernandes,21,nome_politico,Delegado Fernando Fernandes
jane_klebia_do_nascimento_da_silva,61,nome_politico,Doutora Jane
jane_klebia_reis,61,nome_politico,Doutora Jane
max_maciel_cavalcante,63,erro_de_grafia_na_fonte,Max Maciel
reginaldo_veras,32,nome_politico,Deputado Professor Reginaldo Veras
rodrigo_delmasso,18,nome_politico,Deputado Delmasso
