sk_ato,id_comissao,sigla_comissao,tipo_membro,vota,data_inicio,data_fim
142767,1,CCJ,Membro,,2025-11-25T11:20:00,2025-11-25T13:40:00
142768,1,CCJ,Suplente,,2025-11-25T11:20:00,2025-11-25T13:40:00
142769,1,CCJ,Membro,,2025-11-25T11:20:00,2025-11-25T13:40:00
142770,1,CCJ,Suplente,,2025-11-25T11:20:00,2025-11-25T13:40:00
142771,1,CCJ,Vice-Presidente,,2025-11-25T11:20:00,2025-11-25T13:40:00
142772,1,CCJ,Suplente,,2025-11-25T11:20:00,2025-11-25T13:40:00
142773,1,CCJ,Presidente,,2025-11-25T11:20:00,2025-11-25T13:40:00
142774,1,CCJ,Suplente,,2025-11-25T11:20:00,2025-11-25T13:40:00
142775,1,CCJ,Membro,,2025-11-25T11:20:00,2025-11-25T13:40:00
142776,1,CCJ,Suplente,,2025-11-25T11:20:00,2025-11-25T13:40:00
142777,1,CCJ,Vice-Presidente,,2026-05-19T10:00:00,2026-05-19T11:33:44.693
142778,1,CCJ,Suplente,,2026-05-19T10:00:00,2026-05-19T11:33:44.693
142779,1,CCJ,Presidente,,2026-05-19T10:00:00,2026-05-19T11:33:44.693
142780,1,CCJ,Suplente,,2026-05-19T10:00:00,2026-05-19T11:33:44.693
142781,1,CCJ,Membro,,2026-05-19T10:00:00,2026-05-19T11:33:44.693
142782,1,CCJ,Suplente,,2026-05-19T10:00:00,2026-05-19T11:33:44.693
142783,1,CCJ,Membro,,2026-05-19T10:00:00,2026-05-19T11:33:44.693
142784,1,CCJ,Suplente,,2026-05-19T10:00:00,2026-05-19T11:33:44.693
142785,1,CCJ,Membro,,2026-05-19T10:00:00,2026-05-19T11:33:44.693
142786,1,CCJ,Suplente,,2026-05-19T10:00:00,2026-05-19T11:33:44.693
142787,16,CPI-RIO MELCHIOR,Membro,,2025-11-12T00:00:00,2025-11-13T17:38:49
142788,16,CPI-RIO MELCHIOR,Suplente,,2025-11-12T00:00:00,2025-11-13T17:38:49
142789,16,CPI-RIO MELCHIOR,Membro,,2025-11-12T00:00:00,2025-11-13T17:38:49
142790,16,CPI-RIO MELCHIOR,Vice-Presidente,,2025-11-12T00:00:00,2025-11-13T17:38:49
142791,16,CPI-RIO MELCHIOR,Suplente,,2025-11-12T00:00:00,2025-11-13T17:38:49
142792,16,CPI-RIO MELCHIOR,Presidente,,2025-11-12T00:00:00,2025-11-13T17:38:49
142793,16,CPI-RIO MELCHIOR,Suplente,,2025-11-12T00:00:00,2025-11-13T17:38:49
142794,16,CPI-RIO MELCHIOR,Membro,,2025-11-12T00:00:00,2025-11-13T17:38:49
142795,16,CPI-RIO MELCHIOR,Suplente,,2025-11-12T00:00:00,2025-11-13T17:38:49
142796,9,CDESCTMAT,Vice-Presidente,,2026-08-25T00:00:00,2026-08-26T14:59:23.757
142797,9,CDESCTMAT,Suplente,,2026-08-25T00:00:00,2026-08-26T14:59:23.757
142798,9,CDESCTMAT,Presidente,,2026-08-25T00:00:00,2026-08-26T14:59:23.757
142799,9,CDESCTMAT,Suplente,,2026-08-25T00:00:00,2026-08-26T14:59:23.757
142800,9,CDESCTMAT,Membro,,2026-08-25T00:00:00,2026-08-26T14:59:23.757
142801,9,CDESCTMAT,Suplente,,2026-08-25T00:00:00,2026-08-26T14:59:23.757
142802,9,CDESCTMAT,Membro,,2026-08-25T00:00:00,2026-08-26T14:59:23.757
142803,9,CDESCTMAT,Suplente,,2026-08-25T00:00:00,2026-08-26T14:59:23.757
142804,9,CDESCTMAT,Membro,,2026-08-25T00:00:00,2026-08-26T14:59:23.757
142805,9,CDESCTMAT,Suplente,,2026-08-25T00:00:00,2026-08-26T14:59:23.757
142806,7,CEC,Membro,,2025-08-18T00:00:00,2025-08-22T23:59:59
142807,7,CEC,Suplente,,2025-08-18T00:00:00,2025-08-22T23:59:59
142808,7,CEC,Presidente,,2025-08-18T00:00:00,2025-08-22T23:59:59
142809,7,CEC,Suplente,,2025-08-18T00:00:00,2025-08-22T23:59:59
142810,7,CEC,Membro,,2025-08-18T00:00:00,2025-08-22T23:59:59
142811,7,CEC,Suplente,,2025-08-18T00:00:00,2025-08-22T23:59:59
142812,7,CEC,Vice-Presidente,,2025-08-18T00:00:00,2025-08-22T23:59:59
142813,7,CEC,Suplente,,2025-08-18T00:00:00,2025-08-22T23:59:59
142814,7,CEC,Membro,,2025-08-18T00:00:00,2025-08-22T23:59:59
142815,7,CEC,Suplente,,2025-08-18T00:00:00,2025-08-22T23:59:59
142816,9,CDESCTMAT,Membro,,2025-12-01T00:00:00,2025-12-02T18:00:55.49
142817,9,CDESCTMAT,Suplente,,2025-12-01T00:00:00,2025-12-02T18:00:55.49
142818,9,CDESCTMAT,Presidente,,2025-12-01T00:00:00,2025-12-02T18:00:55.49
142819,9,CDESCTMAT,Suplente,,2025-12-01T00:00:00,2025-12-02T18:00:55.49
142820,9,CDESCTMAT,Vice-Presidente,,2025-12-01T00:00:00,2025-12-02T18:00:55.49
142821,9,CDESCTMAT,Suplente,,2025-12-01T00:00:00,2025-12-02T18:00:55.49
142822,9,CDESCTMAT,Membro,,2025-12-01T00:00:00,2025-12-02T18:00:55.49
142823,9,CDESCTMAT,Suplente,,2025-12-01T00:00:00,2025-12-02T18:00:55.49
142824,9,CDESCTMAT,Membro,,2025-12-01T00:00:00,2025-12-02T18:00:55.49
142825,9,CDESCTMAT,Suplente,,2025-12-01T00:00:00,2025-12-02T18:00:55.49
142826,3,CAS,Membro,,2026-06-11T00:00:00,2026-06-19T23:59:00
142827,3,CAS,Suplente,,2026-06-11T00:00:00,2026-06-19T23:59:00
142828,3,CAS,Vice-Presidente,,2026-06-11T00:00:00,2026-06-19T23:59:00
142829,3,CAS,Suplente,,2026-06-11T00:00:00,2026-06-19T23:59:00
142830,3,CAS,Membro,,2026-06-11T00:00:00,2026-06-19T23:59:00
142831,3,CAS,Suplente,,2026-06-11T00:00:00,2026-06-19T23:59:00
142832,3,CAS,Presidente,,2026-06-11T00:00:00,2026-06-19T23:59:00
142833,3,CAS,Suplente,,2026-06-11T00:00:00,2026-06-19T23:59:00
142834,3,CAS,Membro,,2026-06-11T00:00:00,2026-06-19T23:59:00
142835,3,CAS,Suplente,,2026-06-11T00:00:00,2026-06-19T23:59:00
142836,3,CAS,Membro,,2026-08-24T00:00:00,2026-08-28T23:59:00
142837,3,CAS,Suplente,,2026-08-24T00:00:00,2026-08-28T23:59:00
142838,3,CAS,Presidente,,2026-08-24T00:00:00,2026-08-28T23:59:00
142839,3,CAS,Suplente,,2026-08-24T00:00:00,2026-08-28T23:59:00
142840,3,CAS,Vice-Presidente,,2026-08-24T00:00:00,2026-08-28T23:59:00
142841,3,CAS,Suplente,,2026-08-24T00:00:00,2026-08-28T23:59:00
142842,3,CAS,Membro,,2026-08-24T00:00:00,2026-08-28T23:59:00
142843,3,CAS,Suplente,,2026-08-24T00:00:00,2026-08-28T23:59:00
142844,3,CAS,Membro,,2026-08-24T00:00:00,2026-08-28T23:59:00
142845,3,CAS,Suplente,,2026-08-24T00:00:00,2026-08-28T23:59:00
142846,7,CEC,Membro,,2025-03-27T00:00:00,2025-04-01T21:32:33.457
142847,7,CEC,Suplente,,2025-03-27T00:00:00,2025-04-01T21:32:33.457
142848,7,CEC,Presidente,,2025-03-27T00:00:00,2025-04-01T21:32:33.457
142849,7,CEC,Suplente,,2025-03-27T00:00:00,2025-04-01T21:32:33.457
142850,7,CEC,Membro,,2025-03-27T00:00:00,2025-04-01T21:32:33.457
142851,7,CEC,Suplente,,2025-03-27T00:00:00,2025-04-01T21:32:33.457
142852,7,CEC,Membro,,2025-03-27T00:00:00,2025-04-01T21:32:33.457
142853,7,CEC,Suplente,,2025-03-27T00:00:00,2025-04-01T21:32:33.457
142854,7,CEC,Vice-Presidente,,2025-03-27T00:00:00,2025-04-01T21:32:33.457
142855,7,CEC,Suplente,,2025-03-27T00:00:00,2025-04-01T21:32:33.457
142856,1,CCJ,Presidente,,2026-03-16T00:00:00,2026-03-17T12:45:52.197
142857,1,CCJ,Suplente,,2026-03-16T00:00:00,2026-03-17T12:45:52.197
142858,1,CCJ,Membro,,2026-03-16T00:00:00,2026-03-17T12:45:52.197
142859,1,CCJ,Suplente,,2026-03-16T00:00:00,2026-03-17T12:45:52.197
142860,1,CCJ,Vice-Presidente,,2026-03-16T00:00:00,2026-03-17T12:45:52.197
142861,1,CCJ,Suplente,,2026-03-16T00:00:00,2026-03-17T12:45:52.197
142862,1,CCJ,Membro,,2026-03-16T00:00:00,2026-03-17T12:45:52.197
142863,1,CCJ,Suplente,,2026-03-16T00:00:00,2026-03-17T12:45:52.197
142864,1,CCJ,Membro,,2026-03-16T00:00:00,2026-03-17T12:45:52.197
142865,1,CCJ,Suplente,,2026-03-16T00:00:00,2026-03-17T12:45:52.197
142866,9,CDESCTMAT,Membro,,2026-05-25T00:00:00,2026-05-28T14:42:49.473
142867,9,CDESCTMAT,Suplente,,2026-05-25T00:00:00,2026-05-28T14:42:49.473
142868,9,CDESCTMAT,Membro,,2026-05-25T00:00:00,2026-05-28T14:42:49.473
142869,9,CDESCTMAT,Suplente,,2026-05-25T00:00:00,2026-05-28T14:42:49.473
142870,9,CDESCTMAT,Vice-Presidente,,2026-05-25T00:00:00,2026-05-28T14:42:49.473
142871,9,CDESCTMAT,Suplente,,2026-05-25T00:00:00,2026-05-28T14:42:49.473
142872,9,CDESCTMAT,Membro,,2026-05-25T00:00:00,2026-05-28T14:42:49.473
142873,9,CDESCTMAT,Suplente,,2026-05-25T00:00:00,2026-05-28T14:42:49.473
142874,9,CDESCTMAT,Presidente,,2026-05-25T00:00:00,2026-05-28T14:42:49.473
142875,9,CDESCTMAT,Suplente,,2026-05-25T00:00:00,2026-05-28T14:42:49.473
142876,7,CEC,Presidente,,2026-04-13T00:00:00,2026-04-17T23:59:00
142877,7,CEC,Suplente,,2026-04-13T00:00:00,2026-04-17T23:59:00
142878,7,CEC,Membro,,2026-04-13T00:00:00,2026-04-17T23:59:00
142879,7,CEC,Suplente,,2026-04-13T00:00:00,2026-04-17T23:59:00
142880,7,CEC,Membro,,2026-04-13T00:00:00,2026-04-17T23:59:00
142881,7,CEC,Suplente,,2026-04-13T00:00:00,2026-04-17T23:59:00
142882,7,CEC,Membro,,2026-04-13T00:00:00,2026-04-17T23:59:00
142883,7,CEC,Suplente,,2026-04-13T00:00:00,2026-04-17T23:59:00
142884,7,CEC,Vice-Presidente,,2026-04-13T00:00:00,2026-04-17T23:59:00
142885,7,CEC,Suplente,,2026-04-13T00:00:00,2026-04-17T23:59:00
142886,1,CCJ,Vice-Presidente,,2026-09-01T10:00:00,
142887,1,CCJ,Suplente,,2026-09-01T10:00:00,
142888,1,CCJ,Membro,,2026-09-01T10:00:00,
142889,1,CCJ,Suplente,,2026-09-01T10:00:00,
142890,1,CCJ,Presidente,,2026-09-01T10:00:00,
142891,1,CCJ,Suplente,,2026-09-01T10:00:00,
142892,1,CCJ,Membro,,2026-09-01T10:00:00,
142893,1,CCJ,Suplente,,2026-09-01T10:00:00,
142894,1,CCJ,Membro,,2026-09-01T10:00:00,
142895,1,CCJ,Suplente,,2026-09-01T10:00:00,
142896,12,CPRA,Vice-Presidente,,2025-09-10T00:00:00,2025-09-16T16:27:20.377
142897,12,CPRA,Suplente,,2025-09-10T00:00:00,2025-09-16T16:27:20.377
142898,12,CPRA,Presidente,,2025-09-10T00:00:00,2025-09-16T16:27:20.377
142899,12,CPRA,Suplente,,2025-09-10T00:00:00,2025-09-16T16:27:20.377
142900,12,CPRA,Membro,,2025-09-10T00:00:00,2025-09-16T16:27:20.377
142901,12,CPRA,Suplente,,2025-09-10T00:00:00,2025-09-16T16:27:20.377
142902,12,CPRA,Membro,,2025-09-10T00:00:00,2025-09-16T16:27:20.377
142903,12,CPRA,Suplente,,2025-09-10T00:00:00,2025-09-16T16:27:20.377
142904,12,CPRA,Membro,,2025-09-10T00:00:00,2025-09-16T16:27:20.377
142905,12,CPRA,Suplente,,2025-09-10T00:00:00,2025-09-16T16:27:20.377
142906,9,CDESCTMAT,Membro,,2026-04-27T00:00:00,2026-04-28T15:15:56.597
142907,9,CDESCTMAT,Suplente,,2026-04-27T00:00:00,2026-04-28T15:15:56.597
142908,9,CDESCTMAT,Vice-Presidente,,2026-04-27T00:00:00,2026-04-28T15:15:56.597
142909,9,CDESCTMAT,Suplente,,2026-04-27T00:00:00,2026-04-28T15:15:56.597
142910,9,CDESCTMAT,Membro,,2026-04-27T00:00:00,2026-04-28T15:15:56.597
142911,9,CDESCTMAT,Suplente,,2026-04-27T00:00:00,2026-04-28T15:15:56.597
142912,9,CDESCTMAT,Presidente,,2026-04-27T00:00:00,2026-04-28T15:15:56.597
142913,9,CDESCTMAT,Suplente,,2026-04-27T00:00:00,2026-04-28T15:15:56.597
142914,9,CDESCTMAT,Membro,,2026-04-27T00:00:00,2026-04-28T15:15:56.597
142915,9,CDESCTMAT,Suplente,,2026-04-27T00:00:00,2026-04-28T15:15:56.597
142916,11,CTMU,Vice-Presidente,,2025-12-01T00:00:00,2025-12-03T11:57:22.657
142917,11,CTMU,Suplente,,2025-12-01T00:00:00,2025-12-03T11:57:22.657
142918,11,CTMU,Membro,,2025-12-01T00:00:00,2025-12-03T11:57:22.657
142919,11,CTMU,Suplente,,2025-12-01T00:00:00,2025-12-03T11:57:22.657
142920,11,CTMU,Membro,,2025-12-01T00:00:00,2025-12-03T11:57:22.657
142921,11,CTMU,Suplente,,2025-12-01T00:00:00,2025-12-03T11:57:22.657
142922,11,CTMU,Membro,,2025-12-01T00:00:00,2025-12-03T11:57:22.657
142923,11,CTMU,Suplente,,2025-12-01T00:00:00,2025-12-03T11:57:22.657
142924,11,CTMU,Presidente,,2025-12-01T00:00:00,2025-12-03T11:57:22.657
142925,11,CTMU,Suplente,,2025-12-01T00:00:00,2025-12-03T11:57:22.657
142926,12,CPRA,Membro,,2026-06-17T14:58:00,2026-06-17T15:12:00
142927,12,CPRA,Suplente,,2026-06-17T14:58:00,2026-06-17T15:12:00
142928,12,CPRA,Vice-Presidente,,2026-06-17T14:58:00,2026-06-17T15:12:00
142929,12,CPRA,Suplente,,2026-06-17T14:58:00,2026-06-17T15:12:00
142930,12,CPRA,Membro,,2026-06-17T14:58:00,2026-06-17T15:12:00
142931,12,CPRA,Suplente,,2026-06-17T14:58:00,2026-06-17T15:12:00
142932,12,CPRA,Presidente,,2026-06-17T14:58:00,2026-06-17T15:12:00
142933,12,CPRA,Suplente,,2026-06-17T14:58:00,2026-06-17T15:12:00
142934,12,CPRA,Membro,,2026-06-17T14:58:00,2026-06-17T15:12:00
142935,12,CPRA,Suplente,,2026-06-17T14:58:00,2026-06-17T15:12:00
142936,9,CDESCTMAT,Membro,,2025-08-25T00:00:00,2025-08-27T15:31:09.87
142937,9,CDESCTMAT,Suplente,,2025-08-25T00:00:00,2025-08-27T15:31:09.87
142938,9,CDESCTMAT,Presidente,,2025-08-25T00:00:00,2025-08-27T15:31:09.87
142939,9,CDESCTMAT,Suplente,,2025-08-25T00:00:00,2025-08-27T15:31:09.87
142940,9,CDESCTMAT,Membro,,2025-08-25T00:00:00,2025-08-27T15:31:09.87
142941,9,CDESCTMAT,Suplente,,2025-08-25T00:00:00,2025-08-27T15:31:09.87
142942,9,CDESCTMAT,Vice-Presidente,,2025-08-25T00:00:00,2025-08-27T15:31:09.87
142943,9,CDESCTMAT,Suplente,,2025-08-25T00:00:00,2025-08-27T15:31:09.87
142944,9,CDESCTMAT,Membro,,2025-08-25T00:00:00,2025-08-27T15:31:09.87
142945,9,CDESCTMAT,Suplente,,2025-08-25T00:00:00,2025-08-27T15:31:09.87
142946,7,CEC,Vice-Presidente,,2026-06-10T00:00:00,2026-06-16T23:59:00
142947,7,CEC,Suplente,,2026-06-10T00:00:00,2026-06-16T23:59:00
142948,7,CEC,Presidente,,2026-06-10T00:00:00,2026-06-16T23:59:00
142949,7,CEC,Suplente,,2026-06-10T00:00:00,2026-06-16T23:59:00
142950,7,CEC,Membro,,2026-06-10T00:00:00,2026-06-16T23:59:00
142951,7,CEC,Suplente,,2026-06-10T00:00:00,2026-06-16T23:59:00
142952,7,CEC,Membro,,2026-06-10T00:00:00,2026-06-16T23:59:00
142953,7,CEC,Suplente,,2026-06-10T00:00:00,2026-06-16T23:59:00
142954,7,CEC,Membro,,2026-06-10T00:00:00,2026-06-16T23:59:00
142955,7,CEC,Suplente,,2026-06-10T00:00:00,2026-06-16T23:59:00
142956,7,CEC,Membro,,2026-06-10T00:00:00,2026-06-16T23:59:00
142957,7,CEC,Suplente,,2026-06-10T00:00:00,2026-06-16T23:59:00
142958,7,CEC,Membro,,2026-06-10T00:00:00,2026-06-16T23:59:00
142959,7,CEC,Suplente,,2026-06-10T00:00:00,2026-06-16T23:59:00
142960,7,CEC,Membro,,2026-06-10T00:00:00,2026-06-16T23:59:00
142961,7,CEC,Suplente,,2026-06-10T00:00:00,2026-06-16T23:59:00
142962,7,CEC,Presidente,,2026-06-10T00:00:00,2026-06-16T23:59:00
142963,7,CEC,Suplente,,2026-06-10T00:00:00,2026-06-16T23:59:00
142964,7,CEC,Vice-Presidente,,2026-06-10T00:00:00,2026-06-16T23:59:00
142965,7,CEC,Suplente,,2026-06-10T00:00:00,2026-06-16T23:59:00
142966,14,CSA,Vice-Presidente,,2025-11-28T00:00:00,2025-12-03T17:05:14.697
142967,14,CSA,Suplente,,2025-11-28T00:00:00,2025-12-03T17:05:14.697
142968,14,CSA,Membro,,2025-11-28T00:00:00,2025-12-03T17:05:14.697
142969,14,CSA,Suplente,,2025-11-28T00:00:00,2025-12-03T17:05:14.697
142970,14,CSA,Membro,,2025-11-28T00:00:00,2025-12-03T17:05:14.697
142971,14,CSA,Suplente,,2025-11-28T00:00:00,2025-12-03T17:05:14.697
142972,14,CSA,Presidente,,2025-11-28T00:00:00,2025-12-03T17:05:14.697
142973,14,CSA,Suplente,,2025-11-28T00:00:00,2025-12-03T17:05:14.697
142974,14,CSA,Membro,,2025-11-28T00:00:00,2025-12-03T17:05:14.697
142975,14,CSA,Suplente,,2025-11-28T00:00:00,2025-12-03T17:05:14.697
142976,11,CTMU,Membro,,2026-08-24T00:00:00,2026-08-28T23:59:00
142977,11,CTMU,Suplente,,2026-08-24T00:00:00,2026-08-28T23:59:00
142978,11,CTMU,Membro,,2026-08-24T00:00:00,2026-08-28T23:59:00
142979,11,CTMU,Suplente,,2026-08-24T00:00:00,2026-08-28T23:59:00
142980,11,CTMU,Membro,,2026-08-24T00:00:00,2026-08-28T23:59:00
142981,11,CTMU,Suplente,,2026-08-24T00:00:00,2026-08-28T23:59:00
142982,11,CTMU,Vice-Presidente,,2026-08-24T00:00:00,2026-08-28T23:59:00
142983,11,CTMU,Suplente,,2026-08-24T00:00:00,2026-08-28T23:59:00
142984,11,CTMU,Presidente,,2026-08-24T00:00:00,2026-08-28T23:59:00
142985,11,CTMU,Suplente,,2026-08-24T00:00:00,2026-08-28T23:59:00
142986,12,CPRA,Membro,,2026-06-17T14:00:00,
142987,12,CPRA,Suplente,,2026-06-17T14:00:00,
142988,12,CPRA,Vice-Presidente,,2026-06-17T14:00:00,
142989,12,CPRA,Suplente,,2026-06-17T14:00:00,
142990,12,CPRA,Membro,,2026-06-17T14:00:00,
142991,12,CPRA,Suplente,,2026-06-17T14:00:00,
142992,12,CPRA,Presidente,,2026-06-17T14:00:00,
142993,12,CPRA,Suplente,,2026-06-17T14:00:00,
142994,12,CPRA,Membro,,2026-06-17T14:00:00,
142995,12,CPRA,Suplente,,2026-06-17T14:00:00,
142996,9,CDESCTMAT,Vice-Presidente,,2026-03-09T00:00:00,2026-03-12T14:01:47.69
142997,9,CDESCTMAT,Suplente,,2026-03-09T00:00:00,2026-03-12T14:01:47.69
142998,9,CDESCTMAT,Membro,,2026-03-09T00:00:00,2026-03-12T14:01:47.69
142999,9,CDESCTMAT,Suplente,,2026-03-09T00:00:00,2026-03-12T14:01:47.69
143000,9,CDESCTMAT,Presidente,,2026-03-09T00:00:00,2026-03-12T14:01:47.69
143001,9,CDESCTMAT,Suplente,,2026-03-09T00:00:00,2026-03-12T14:01:47.69
143002,9,CDESCTMAT,Membro,,2026-03-09T00:00:00,2026-03-12T14:01:47.69
143003,9,CDESCTMAT,Suplente,,2026-03-09T00:00:00,2026-03-12T14:01:47.69
143004,9,CDESCTMAT,Membro,,2026-03-09T00:00:00,2026-03-12T14:01:47.69
143005,9,CDESCTMAT,Suplente,,2026-03-09T00:00:00,2026-03-12T14:01:47.69
143006,14,CSA,Membro,,2026-09-04T00:00:00,2026-09-10T18:22:59.927
143007,14,CSA,Suplente,,2026-09-04T00:00:00,2026-09-10T18:22:59.927
143008,14,CSA,Membro,,2026-09-04T00:00:00,2026-09-10T18:22:59.927
143009,14,CSA,Suplente,,2026-09-04T00:00:00,2026-09-10T18:22:59.927
143010,14,CSA,Membro,,2026-09-04T00:00:00,2026-09-10T18:22:59.927
143011,14,CSA,Suplente,,2026-09-04T00:00:00,2026-09-10T18:22:59.927
143012,14,CSA,Presidente,,2026-09-04T00:00:00,2026-09-10T18:22:59.927
143013,14,CSA,Suplente,,2026-09-04T00:00:00,2026-09-10T18:22:59.927
143014,14,CSA,Vice-Presidente,,2026-09-04T00:00:00,2026-09-10T18:22:59.927
143015,14,CSA,Suplente,,2026-09-04T00:00:00,2026-09-10T18:22:59.927
143016,9,CDESCTMAT,Presidente,,2025-06-09T00:00:00,2025-06-10T18:26:49.28
143017,9,CDESCTMAT,Suplente,,2025-06-09T00:00:00,2025-06-10T18:26:49.28
143018,9,CDESCTMAT,Vice-Presidente,,2025-06-09T00:00:00,2025-06-10T18:26:49.28
143019,9,CDESCTMAT,Suplente,,2025-06-09T00:00:00,2025-06-10T18:26:49.28
143020,9,CDESCTMAT,Membro,,2025-06-09T00:00:00,2025-06-10T18:26:49.28
143021,9,CDESCTMAT,Suplente,,2025-06-09T00:00:00,2025-06-10T18:26:49.28
143022,9,CDESCTMAT,Membro,,2025-06-09T00:00:00,2025-06-10T18:26:49.28
143023,9,CDESCTMAT,Suplente,,2025-06-09T00:00:00,2025-06-10T18:26:49.28
143024,9,CDESCTMAT,Membro,,2025-06-09T00:00:00,2025-06-10T18:26:49.28
143025,9,CDESCTMAT,Suplente,,2025-06-09T00:00:00,2025-06-10T18:26:49.28
143026,9,CDESCTMAT,Presidente,,2025-05-06T00:00:00,2025-05-07T17:35:36.593
143027,9,CDESCTMAT,Suplente,,2025-05-06T00:00:00,2025-05-07T17:35:36.593
143028,9,CDESCTMAT,Membro,,2025-05-06T00:00:00,2025-05-07T17:35:36.593
143029,9,CDESCTMAT,Suplente,,2025-05-06T00:00:00,2025-05-07T17:35:36.593
143030,9,CDESCTMAT,Membro,,2025-05-06T00:00:00,2025-05-07T17:35:36.593
143031,9,CDESCTMAT,Suplente,,2025-05-06T00:00:00,2025-05-07T17:35:36.593
143032,9,CDESCTMAT,Membro,,2025-05-06T00:00:00,2025-05-07T17:35:36.593
143033,9,CDESCTMAT,Suplente,,2025-05-06T00:00:00,2025-05-07T17:35:36.593
143034,9,CDESCTMAT,Vice-Presidente,,2025-05-06T00:00:00,2025-05-07T17:35:36.593
143035,9,CDESCTMAT,Suplente,,2025-05-06T00:00:00,2025-05-07T17:35:36.593
143036,7,CEC,Presidente,,2025-10-13T00:00:00,2025-10-17T23:59:00
143037,7,CEC,Suplente,,2025-10-13T00:00:00,2025-10-17T23:59:00
143038,7,CEC,Membro,,2025-10-13T00:00:00,2025-10-17T23:59:00
143039,7,CEC,Suplente,,2025-10-13T00:00:00,2025-10-17T23:59:00
143040,7,CEC,Membro,,2025-10-13T00:00:00,2025-10-17T23:59:00
143041,7,CEC,Suplente,,2025-10-13T00:00:00,2025-10-17T23:59:00
143042,7,CEC,Membro,,2025-10-13T00:00:00,2025-10-17T23:59:00
143043,7,CEC,Suplente,,2025-10-13T00:00:00,2025-10-17T23:59:00
143044,7,CEC,Vice-Presidente,,2025-10-13T00:00:00,2025-10-17T23:59:00
143045,7,CEC,Suplente,,2025-10-13T00:00:00,2025-10-17T23:59:00
143046,3,CAS,Vice-Presidente,,2026-06-10T00:00:00,
143047,3,CAS,Suplente,,2026-06-10T00:00:00,
143048,3,CAS,Membro,,2026-06-10T00:00:00,
143049,3,CAS,Suplente,,2026-06-10T00:00:00,
143050,3,CAS,Membro,,2026-06-10T00:00:00,
143051,3,CAS,Suplente,,2026-06-10T00:00:00,
143052,3,CAS,Presidente,,2026-06-10T00:00:00,
143053,3,CAS,Suplente,,2026-06-10T00:00:00,
143054,3,CAS,Membro,,2026-06-10T00:00:00,
143055,3,CAS,Suplente,,2026-06-10T00:00:00,
143056,9,CDESCTMAT,Membro,,2026-06-22T00:00:00,2026-06-24T13:53:36.277
143057,9,CDESCTMAT,Suplente,,2026-06-22T00:00:00,2026-06-24T13:53:36.277
143058,9,CDESCTMAT,Membro,,2026-06-22T00:00:00,2026-06-24T13:53:36.277
143059,9,CDESCTMAT,Suplente,,2026-06-22T00:00:00,2026-06-24T13:53:36.277
143060,9,CDESCTMAT,Presidente,,2026-06-22T00:00:00,2026-06-24T13:53:36.277
143061,9,CDESCTMAT,Suplente,,2026-06-22T00:00:00,2026-06-24T13:53:36.277
143062,9,CDESCTMAT,Membro,,2026-06-22T00:00:00,2026-06-24T13:53:36.277
143063,9,CDESCTMAT,Suplente,,2026-06-22T00:00:00,2026-06-24T13:53:36.277
143064,9,CDESCTMAT,Vice-Presidente,,2026-06-22T00:00:00,2026-06-24T13:53:36.277
143065,9,CDESCTMAT,Suplente,,2026-06-22T00:00:00,2026-06-24T13:53:36.277
143066,9,CDESCTMAT,Presidente,,2025-11-03T00:00:00,2025-11-05T14:09:47.703
143067,9,CDESCTMAT,Suplente,,2025-11-03T00:00:00,2025-11-05T14:09:47.703
143068,9,CDESCTMAT,Membro,,2025-11-03T00:00:00,2025-11-05T14:09:47.703
143069,9,CDESCTMAT,Suplente,,2025-11-03T00:00:00,2025-11-05T14:09:47.703
143070,9,CDESCTMAT,Membro,,2025-11-03T00:00:00,2025-11-05T14:09:47.703
143071,9,CDESCTMAT,Suplente,,2025-11-03T00:00:00,2025-11-05T14:09:47.703
143072,9,CDESCTMAT,Membro,,2025-11-03T00:00:00,2025-11-05T14:09:47.703
143073,9,CDESCTMAT,Suplente,,2025-11-03T00:00:00,2025-11-05T14:09:47.703
143074,9,CDESCTMAT,Vice-Presidente,,2025-11-03T00:00:00,2025-11-05T14:09:47.703
143075,9,CDESCTMAT,Suplente,,2025-11-03T00:00:00,2025-11-05T14:09:47.703
143076,11,CTMU,Presidente,,2026-08-31T00:00:00,2026-09-04T11:56:09.15
143077,11,CTMU,Suplente,,2026-08-31T00:00:00,2026-09-04T11:56:09.15
143078,11,CTMU,Membro,,2026-08-31T00:00:00,2026-09-04T11:56:09.15
143079,11,CTMU,Suplente,,2026-08-31T00:00:00,2026-09-04T11:56:09.15
143080,11,CTMU,Membro,,2026-08-31T00:00:00,2026-09-04T11:56:09.15
143081,11,CTMU,Suplente,,2026-08-31T00:00:00,2026-09-04T11:56:09.15
143082,11,CTMU,Vice-Presidente,,2026-08-31T00:00:00,2026-09-04T11:56:09.15
143083,11,CTMU,Suplente,,2026-08-31T00:00:00,2026-09-04T11:56:09.15
143084,11,CTMU,Membro,,2026-08-31T00:00:00,2026-09-04T11:56:09.15
143085,11,CTMU,Suplente,,2026-08-31T00:00:00,2026-09-04T11:56:09.15
143086,1,CCJ,Membro,,2026-08-18T10:00:00,
143087,1,CCJ,Suplente,,2026-08-18T10:00:00,
143088,1,CCJ,Vice-Presidente,,2026-08-18T10:00:00,
143089,1,CCJ,Suplente,,2026-08-18T10:00:00,
143090,1,CCJ,Membro,,2026-08-18T10:00:00,
143091,1,CCJ,Suplente,,2026-08-18T10:00:00,
143092,1,CCJ,Presidente,,2026-08-18T10:00:00,
143093,1,CCJ,Suplente,,2026-08-18T10:00:00,
143094,1,CCJ,Membro,,2026-08-18T10:00:00,
143095,1,CCJ,Suplente,,2026-08-18T10:00:00,
